path,bytes,sha256
03_results\07_axis_celltype.csv,232,f04fbf6e6e05a534f52e10521a3de98a1082b5af704cd5f16d4c6b9455e48bf9
03_results\07_hub_celltype.csv,490,02040cc02acb3ca527ed21374078c4965fa44a306e823c3699277e978cae025d
03_results\08_candidates_drugs.csv,1064,56861f7d466984ba299dadce4d912b3fbc24df261e71709670266dd0a4b15382
03_results\08_disease_signature.csv,464,83d5c94ceabcc1ac4b0a09ca6a40586df55f44e661639263193d430a39a905d7
03_results\08_positive_control_check.csv,349,38a353e7c4a3a7b82348de62492365dfc5ccba4ba27e5732ba976d408ca6a52b
03_results\08b_clinical_translation.csv,4287,03dbe9f5de1455c695923353b0b1aaedefd9ab93b0e83fb9fb3e1df9dc223336
03_results\09_ext_risk_scores.csv,7309,2caa054e0aa2cb79e024f0c20da20257153ba42e44bcdbe1968cca8bc252033d
03_results\09_external_validation.csv,579,e17e30ef8270333e59cdff78fe700414d49f1414e265be1839fe69c004fa57c1
03_results\09_external_validation_coef.json,1894,2800ea510e51d5850a85bc72ebb07c0de958d783a24e5dccf4fdfc50bccc005d
03_results\10_genetics_mr.csv,3463,c7bee19a5233209035ee593fd58a18171e5bb00f211b76a714cda959f9973cd7
03_results\10_genetics_mr_design.md,7693,092947ff811470be3fbca69df195c773c341473dee08dc8940b06290c55a1c58
03_results\10_genetics_mr_harmonised.csv,3417,4daa2380d5bafa2628b89cc41884e0902d3c39dab7b4b94682bb3dfaf2cab92d
03_results\10_genetics_mr_outcome4982_criticalcare.csv,3394,8dff8dab2f4b871411c0e4bb1a0c5b12dd0f57b9667cd37ab6f47d717d7f1fc1
03_results\10_genetics_mr_outcome4982_harmonised.csv,3416,c19c10f9411e3eaf00abc977f42b11d3886ed1c3e0632e4f5b4467858aab60cf
03_results\10_genetics_mr_outcome5086_28ddeath.csv,3412,f5320d4f99a2faf437be4dbda713a30c9996d14e6587294d991f52e185165364
03_results\10_genetics_mr_outcome5086_harmonised.csv,3418,0caf5774559be2a3f6915400005d96f2b4affb4df4e26f4283ff84313594baf1
03_results\11_validation_design.md,6916,4f28368702a157ce083d99efc0a2077e5cd620ede2f3339fdfa9f19ab70b6583
03_results\S01_deg_sepsis_vs_ctrl.csv,1134668,9616f0d80cc17757028083caca71daa8a92c1bef28b1ed182ffb45cf1cde6f48
03_results\S01_immunoparalysis_direction.csv,2182,54563d76296f777217a5ae1910dd6037e508cfbc3d02ac269d63dbc218b068e8
03_results\S01_immunoparalysis_genes_in_mars1.csv,1436,f7286329ca02d218d5713fd380af01bd746f4a4718b18241de6351088d112ad9
03_results\S01_mars1_deg.csv,1088656,59c969e214e878bb58bb610510d3f3da0f1033d3f23db9a85ce89557bdd642d1
03_results\S01_mars1_stratification.csv,50,93de795891b7808eba84d4e35ff7d7aabdf5dffcb9d1cb57e1175c5e0e9aed90
03_results\S02_immunoparalysis_score.csv,30796,05e62b6edd4fb3a9df9f6bfa1924bcc223bac44ad765d241a64b5ed2ddf26eba
03_results\S03_hub_degree.csv,52002,2c4b1dc134cda1aae8153c8446ccfb79bfc6ca83b0d5969719018796b24d658a
03_results\S03_key_module_genes.csv,15854,440fd7ac2e8eeac3729140523e622c828f17a499896aa84393c0e710f351ddda
03_results\S03_module_trait_cor.csv,170517,327ae5cc4a7a71941677d539ed63393d903fb8951e7ca66a1fbb9961c3541837
03_results\S03_modules.csv,61150,0b0b1e3b47c151dfb03bc67c1f3d66d4939bd16a50d1f8ba01376bd6b25e8706
03_results\S04_candidate_genes.csv,651,74ab3b74cb82e27831b17eb280996828725ed21c53901136c9061d21a9b29bd7
03_results\S05_hub_genes.csv,160,4624dbef4a599864669628ba7577fecd0039b89b8627be65fe79ae97f3b596f0
03_results\S06_auc_compare.csv,202,3cc40ea040b027fe9ab0184060831ba70daabfd42405bb518355e3e58ce5c378
03_results\S06_signature_genes.csv,1446,8142b9be7608d5627c3e19cba18f84b95df31e004a7400e7fb6d192f42f616bc
03_results\S08_l1000_candidate_scores.csv,175,c36119a12fe7c0738cc0d44595e109ba59f19b09d86d81dea36204d0335b2f86
03_results\S08_l1000_immuno_overlap.csv,8123,36e642742a997d1baceae88b17e3fc21b1c38f5da5949f7641dedcffaaf37d4f
03_results\S08_l1000_positive_control.csv,601,5aab349eaa94727c4e7780519434e29999fc11b2a228fc7a017a156415479ad0
03_results\S08_l1000_rescue_trtcp.csv,2956351,005e540544e6055206f18fda89b23ad604acafb6e36aa3c50bcca0508dd078a1
03_results\S08_l1000_rescue_wtcs.npy,326736,ea4d657c5ac8f27a0ef984877e020a917833df4a37e5c5d966d39fb6b27877c4
04_figures\S01_roc_28d_mars1.png,41338,f3ae079e9b6eef2623e24db3fdf5caa5a60cff1c34fd5f749816a735ce78e553
04_figures\S02_score_vs_endotype.png,22851,31dfb73ab65efd9c09d5e3806c59a776ec388fd838b6af672d0fb2a65b29d441
04_figures\S03_eigengene_trait_cor.png,90187,a45795993e69445a800fc0d37d0bb9f5ef105a457a7b66e87bf937c3617b2f95
04_figures\S03_top_hub.png,46025,b29725cdb5c332b11e86cbd1653d9dc2408207a5b9ca87d5fb6a00b8f9c4d1a4
04_figures\S06_dca.png,35281,7a37de1aa6becc78a2b01f637a97596b7e46ccaddfc3e7b507bcc378c59cb1d4
04_figures\S06_roc_cv.png,36055,670c7a9ce64916cc476236f70320e20b7ac62e74657e289e8ae9a2b31ac63f98
04_figures\S06_roc_train.png,35208,658aef94ff6bac40289c96e04ac4ca8a058013521d94076ce269834ae070a965
04_figures\S07_celltype.png,26311,faf2ccbdefa8929894d674192157c185c099e439d0ee5b9fc4ff9b49f8dbe580
04_figures\fig_s09_external_roc.png,92113,5bf8158ea7c40f95303b5cd2f901de7f216f1e301dcd32869899c8b39fef73be
04_figures\fig_s10_l1000_rescue.png,92973,d4910debf56061d6467090c67f890453a2db5f37e1ac4e94ea0ad96651967093
05_reports\gse65682_pdata_inspect.csv,3513,3ad96052e459137c2f5c502b34ceabfb9d0c58e69faba0eb51e21bd8644d03c2
05_reports\manuscript.md,48294,15b0e34f5af0d16f1b858c56c7f18286357be6ba772704e49c8636d7586397d6
05_reports\tier1_summary.txt,689,488a7c74308f3a734edabfd5327f021efb9cc3e507d7ab933a17a999d2dfdb2c
00_pipeline/PIPELINE.md,14960,c878337ece77ce05ba269e55cf97353a41389850d35815b61c250341b0c3cb14
02_scripts/09_docking_admet.R,1390,231a46424e14f0af68c42fe97ca8c6513c0006fa835acc3b639f5560761a4ce5
02_scripts/python/build_references.py,6037,6e81fefbf35ce24d1a82b157bd749450f9b235b369317f86bec06700743007cf
02_scripts/python/insert_references.py,1628,af8e0204dd750e62a72c48ce7cb1ff5554eb70882196b72e89c1c96cdc9e08c1
03_results/generated_references.md,6490,558e4a0038294f16021386f77e6845a1c62b19bfdaabea5b44453cc6d6553d62
03_results/reference_doi_audit.csv,2385,0c406b0b06fe3c8be0b5199bb63e50b8dddc6dd4dd95ba7a17360c8fd7b5e234
