sample,y,risk_oriented_sum,risk_locked_l1,risk_irg3
CAP0271,1,-78.98333381943544,-7.931414942009798,-1.4408439279309968
CAP0272,0,-73.11807630441382,-7.228950210979914,2.5797128249669834
CAP0273,1,-98.33508573064644,-7.535591772224786,3.764687150739696
CAP0274,1,-94.81763173051118,-7.305365332133082,-1.154833361856861
CAP0275,0,-109.08064827180903,-9.309717572553316,-0.49937538570454326
CAP0276,0,-85.51287944584699,-7.819020250386386,0.15965485207385477
CAP0277,0,-93.16609108638427,-7.287876307017458,-2.3159999410723713
CAP0278,1,-99.95641470897938,-8.508005396236136,-0.8376625854857433
CAP0279,0,-117.11556510404786,-9.12598715518858,1.2004425115946296
CAP0280,1,-87.5283227276123,-7.440014381278358,1.7193427407366082
CAP0281,0,-84.93498589239923,-6.613328912720107,-0.641964245734996
CAP0282,1,-88.36608931832787,-7.937598598601444,0.3808765477810707
CAP0283,0,-102.03440066880104,-8.401744803655484,0.09101824591011472
CAP0284,1,-90.33169502695121,-7.755304738237247,-2.1135750766213817
CAP0285,1,-69.97250795561573,-6.783907083484257,1.6219378481375204
CAP0286,0,-79.80734934172806,-7.517383556841848,-0.8757762983142924
CAP0287,1,-78.30950381265285,-7.742044882128173,-0.12803714296602273
CAP0288,0,-101.04477567726506,-7.9961509886875985,-0.002106128220541126
CAP0289,1,-107.24596119568228,-9.01418516891392,1.6771971689388878
CAP0290,0,-99.03946913323831,-8.769253033383011,-1.1029816526665086
CAP0291,1,-85.18447689560135,-7.675176892253984,0.3889294157188556
CAP0292,0,-93.94804570742579,-7.293657870758574,-1.55791125805409
CAP0293,0,-97.06897503607223,-8.166529075690617,-0.44395359205237445
CAP0294,1,-84.45050930574828,-7.3843923151887445,0.9602170888134247
CAP0295,0,-119.98570726009835,-9.125728967241038,-2.5682416014273373
CAP0296,1,-84.57862724753134,-7.9087387272304435,2.00416398753994
CAP0297,1,-100.87399350557781,-8.635832785947613,-1.5055934263161315
CAP0298,0,-93.78299496472519,-8.106873844299184,-0.051432446448764546
CAP0299,0,-102.9974721077991,-7.714569983934229,-4.0410036894704895
CAP0300,1,-98.97525360782872,-7.949716495675543,-0.8161888609512297
CAP0301,0,-92.91546181411451,-7.911580673326933,-1.4297750234912348
CAP0302,1,-85.11182661094341,-7.232298929072883,0.2272114859703287
CAP0303,0,-104.18379395904718,-8.465035685930028,-2.6070174034155644
CAP0063,0,-107.29653002269085,-10.019266809154672,-2.2075571756766283
CAP0304,1,-90.34972584708188,-7.254688732167113,-2.6166397056959063
CAP0305,1,-94.15160377586317,-7.068255623479076,-0.38548993352783145
CAP0306,0,-111.43905791516045,-9.565616880071197,0.344331877884804
CAP0307,1,-78.92004267086017,-6.799094939043249,1.1548572719090326
CAP0308,1,-85.18478321713239,-8.692486777906616,-0.13066206910243355
CAP0309,0,-110.22343766688293,-7.813544901384826,3.4718885339909216
CAP0310,0,-104.1104279019018,-8.317276906207718,-0.20876508624508094
CAP0311,0,-79.0527061394565,-6.150111689992799,-2.381072148969484
CAP0312,1,-88.11241812426486,-7.98394905656443,1.3070851582052125
CAP0313,0,-100.29514124448588,-8.053099591367811,-0.8175561035799453
CAP0314,0,-109.02089369432574,-7.7490451804517235,2.6754697250528885
CAP0315,1,-90.77287134410935,-6.623136063513635,0.31318340080867035
CAP0316,1,-83.19916940776196,-7.567979373748258,1.1135553056998708
CAP0317,0,-87.9293358327883,-8.781026541825529,-0.4263460436177633
CAP0318,1,-108.30451459399141,-8.931685724405275,1.05174196908076
CAP0319,0,-84.60431516853474,-5.9625038798890495,0.5342393991033089
CAP0320,1,-82.85063275567383,-7.785620453618775,0.4224492510005825
CAP0321,1,-69.89472551746859,-5.436568957661276,-1.951725951069828
CAP0322,0,-97.45179369191017,-8.013872720584418,-0.004930892038948365
CAP0323,1,-75.91413963039362,-7.239908244839679,-1.4746743849482205
CAP0324,0,-81.05942861075721,-6.339901815776184,0.817736417161001
CAP0325,0,-102.39163757782444,-7.167902826624802,0.12461649684440712
CAP0326,1,-90.45356562794694,-8.24298753065626,1.651823825343093
CAP0327,1,-75.89366495644153,-6.851638941409458,1.5849570714680743
CAP0328,0,-105.29512095597586,-10.08637095249084,-1.6726024046521037
CAP0329,0,-111.2539880639381,-9.609764788735264,2.2289446538540933
CAP0330,1,-102.10200672891452,-8.604123339212332,-1.7240247254329546
CAP0331,1,-104.01977150772687,-8.851107490673026,0.8925974008202295
CAP0332,0,-109.20800856256298,-8.769148848337522,-2.8778778339379745
CAP0333,1,-90.9425516281016,-7.81479942597295,-3.824295933009031
CAP0334,0,-106.26744214624124,-8.233726866854198,1.1896974426901585
CAP0335,0,-108.72402263094875,-9.332025038813226,-0.37023897098012254
CAP0336,0,-86.73771221988437,-6.5776550947562615,-2.5781106607915545
CAP0337,1,-106.55699801773,-8.707163675006964,0.19750746517899354
CAP0340,0,-75.51875258356057,-7.860726579425538,1.4258684264688999
CAP0341,1,-109.6688011632222,-10.339210400101921,-0.8872772960311073
CAP0342,1,-95.7676588403574,-6.566854381678504,-2.218738987252514
CAP0343,0,-94.16831711100673,-7.287109164650064,0.39749617385354996
CAP0344,1,-104.89921935363968,-7.819114050726553,-1.425983369637874
CAP0345,0,-117.01144620744148,-8.97330120129755,-0.2549157605520273
CAP0347,0,-94.89807867846427,-8.624746617986556,2.8101895605545844
CAP0348,1,-108.92029352553742,-8.638754442498659,-0.63568432283627
CAP0349,0,-85.92783816850844,-6.471048565203024,-0.6531067892510534
CAP0350,0,-96.1035117443038,-8.430321912289516,2.066076677966488
CAP0351,1,-92.69026789627054,-7.7673182397216936,0.42126134703489365
CAP0353,0,-111.3799234786954,-8.397376113889983,-3.223671408425955
CAP0354,1,-99.3243385371353,-7.905822208979531,0.7232222401687435
CAP0355,0,-108.7043449642613,-8.743436184792436,2.5712345652769653
CAP0357,1,-79.14599644272299,-8.63026472935766,0.054048459409023364
CAP0358,0,-91.61716601339107,-7.012546353085123,1.0737605857341277
CAP0359,1,-102.16901138260853,-8.834734398181109,0.1945939763064114
CAP0360,1,-104.78835139205572,-8.904291762003163,2.4287555975343804
CAP0361,1,-80.35108084267759,-5.612557679594429,1.3413047509658664
CAP0362,0,-100.05438059075573,-7.490567959756954,1.1022870278774364
CAP0363,0,-95.0198797497967,-8.728974178214258,-1.5261495391740203
CAP0364,0,-88.30724064817153,-9.048267508627767,1.104899816578461
CAP0365,1,-102.7316125754874,-8.504494541659241,-1.0124011279696439
CAP0366,0,-109.68800451006368,-8.4058551987549,1.6991482001284803
CAP0367,1,-111.23387458178237,-9.418355938417324,-1.671461103458728
CAP0368,0,-110.05651710202302,-8.805075559066736,-0.3399484442508354
CAP0369,1,-109.31517047520911,-8.564156548275722,1.0926835569808029
CAP0370,0,-85.20495935020881,-7.540373404529312,-1.0545183423059319
CAP0371,1,-107.40365473727246,-8.200201112692758,3.4565328148029266
CAP0372,1,-85.38419514785522,-7.4686737053844725,-0.9814377756983153
CAP0374,1,-101.61478870332931,-7.411884073187863,0.5094472945750769
CAP0375,1,-113.20022987984379,-8.446826171990924,0.9066405504843442
CAP0376,0,-104.27727641401735,-8.435826070934137,1.1366663760161828
CAP0377,1,-77.41466693250497,-5.437886041810327,-2.8629437008369516
CAP0378,0,-114.66923644930931,-8.54657820858058,0.8112772226501304
CAP0379,0,-80.70588209561042,-7.676957860996796,2.1543146415614443
CAP0380,0,-87.97641300707981,-9.367481738884871,0.6903875458539798
CAP0381,1,-66.27460504513928,-8.02852078190795,2.5109090953577162
