threshold,nb_model,nb_treat_all,n_flagged,TP,FP
0.05,0.4638,0.4638,106,52,54
0.1,0.434,0.434,106,52,54
0.15,0.4007,0.4007,106,52,54
0.2,0.3632,0.3632,106,52,54
0.25,0.3208,0.3208,106,52,54
0.3,0.2844,0.2722,103,52,51
0.35,0.2388,0.2163,93,49,44
0.4,0.1604,0.1509,76,41,35
0.45,0.1029,0.0738,60,33,27
0.5,0.0755,-0.0189,50,29,21
0.55,0.0346,-0.1321,37,22,15
0.6,0.0472,-0.2736,21,15,6
0.65,0.0418,-0.4555,13,10,3
0.7,0.0063,-0.6981,4,3,1
0.75,0.0094,-1.0377,1,1,0
0.8,0.0,-1.5472,0,0,0
0.85,0.0,-2.3962,0,0,0
0.9,0.0,-4.0943,0,0,0
