rsid,ea_e,nea_e,beta_e,se_e,p_e,eaf_e,ea_o,nea_o,beta_o,se_o,p_o,eaf_o,gene,F
rs2305480,A,G,-0.0734472,0.0119728,8.53749e-10,0.440477,A,G,0.0240138,0.0334243,0.472478,0.467291,CD74,37.63215009480529
rs4810485,G,T,-0.0813184,0.0136704,2.70782e-09,0.746826,G,T,-0.0574702,0.0387404,0.137949,0.753054,CD74,35.38467452902973
rs12478601,T,C,0.0666135,0.0120252,3.03159e-08,0.574604,T,C,-0.000985537,0.0338503,0.976773,0.583702,CD74,30.68597235658924
rs28383314,C,T,0.428003,0.0116973,4.12098e-293,0.616346,C,T,-0.0368117,0.0344297,0.284987,0.623944,HLA-DQA1,1338.820548844139
rs114293611,C,T,-0.185875,0.0118316,1.29181e-55,0.536082,C,T,-0.00240439,0.0376453,0.949074,0.534563,HLA-DQA1,246.8055977608173
rs13203549,A,G,0.194804,0.0205992,3.17541e-21,0.0912897,A,G,0.0295374,0.0624023,0.635972,0.0766147,HLA-DQA1,89.43243013399109
rs3819714,A,G,0.116585,0.0125098,1.17004e-20,0.341791,A,G,-0.0480653,0.0356633,0.177738,0.322919,HLA-DQA1,86.85295941494475
rs57599368,G,A,-0.493923,0.0132852,1.52405e-302,0.240771,G,A,0.0573582,0.0401484,0.153103,0.221825,CD14,1382.2363387743856
rs149007767,T,C,-0.395743,0.0163457,1.70216e-129,0.149708,T,C,0.000278847,0.0468933,0.995255,0.162161,CD14,586.1643961378531
rs148008812,C,A,0.24784,0.0363328,9.02818e-12,0.0275026,C,A,-0.0163057,0.103531,0.874855,0.0272023,CD14,46.53128696185273
rs6782228,C,G,-0.0891801,0.0133276,2.21055e-11,0.273721,C,G,-0.00480679,0.0377418,0.898656,0.267362,CD14,44.77463048094068
rs424971,C,T,-0.0789416,0.012034,5.38022e-11,0.421674,C,T,0.00140613,0.0339286,0.966942,0.436208,CD14,43.03203006251552
rs34856868,A,G,0.214572,0.0384324,2.36401e-08,0.0245314,A,G,-0.0320194,0.0975982,0.742857,0.0296299,CD14,31.17102523897428
rs6891966,G,A,-0.35026,0.0139455,3.31131e-139,0.775039,G,A,0.0237144,0.039629,0.549566,0.769509,HAVCR2,630.8308250704046
rs7911264,C,T,-0.0800988,0.0118899,1.62144e-11,0.515223,C,T,-0.0527949,0.0334216,0.114184,0.521198,HAVCR2,45.38325229914626
rs116560088,T,C,-0.178309,0.0290846,8.7438e-10,0.0436719,T,C,-0.0623485,0.0899501,0.488218,0.035636,HAVCR2,37.58550052506856
rs2617170,C,T,-0.0749968,0.0126227,2.82937e-09,0.668027,C,T,0.00665719,0.0362162,0.854156,0.692467,HAVCR2,35.30050716881338
rs13401811,A,G,0.0880767,0.0151101,5.57609e-09,0.19142,A,G,0.0368926,0.0430631,0.391605,0.184901,HAVCR2,33.97718475498188
rs9266629,C,T,-0.0833202,0.0149813,2.67012e-08,0.195836,C,T,0.0697136,0.0406022,0.0859805,0.215906,HAVCR2,30.93154448018486
rs114756165,T,G,-1.28287,0.0242896,3.27341e-310,0.0529355,T,G,0.0345226,0.0738776,0.640289,0.053808,FIS1,2789.4884828662725
rs62482549,T,C,-0.150303,0.0145791,6.37676e-25,0.209162,T,C,0.0355323,0.0416007,0.393035,0.205869,FIS1,106.28546291402756
rs9399137,C,T,-0.12528,0.0134545,1.26154e-20,0.264393,C,T,-0.01408,0.0381969,0.712413,0.2581,FIS1,86.7018498106326
rs28361887,T,C,-0.126279,0.0139649,1.53003e-19,0.236552,T,C,-0.0351008,0.0393828,0.372783,0.237127,FIS1,81.76860862147795
rs875741,A,G,-0.100284,0.0121383,1.43483e-16,0.396388,A,G,-0.00969176,0.0339648,0.775379,0.406216,FIS1,68.25705753743406
rs6084653,G,C,-0.0944984,0.0123273,1.77705e-14,0.36636,G,C,0.0324292,0.0343703,0.345412,0.387267,FIS1,58.76422057584586
rs7789679,A,G,-0.196423,0.0265947,1.5153e-13,0.0526647,A,G,0.0827244,0.0625965,0.186318,0.0796942,FIS1,54.54996651202607
rs9944715,G,A,0.078443,0.0135675,7.39061e-09,0.740866,G,A,-0.0132123,0.0383463,0.730432,0.745373,FIS1,33.42787186167858
