gene,ensg,method,nsnp,beta,se,or_,ci_lo,ci_hi,p,model,Q,Q_df,Q_p,I2,egger_intercept,egger_intercept_p,status,p_fdr_bh
CD74,ENSG00000019582,IVW,3,0.0716973992184039,0.11319534222861655,1.074330201713399,0.860565565525174,1.3411940107192097,0.5264755249955828,fixed,0.9711934854009707,2.0,0.6153298935600595,0.0,,,ok,0.8774592083259714
CD74,ENSG00000019582,MR-Egger,3,0.11147758528044621,0.0295887169607663,1.1179286856667237,1.0549397961481664,1.1846785482922466,0.16516523758281942,egger,,1.0,,,0.00844778581181546,9.978826638579186e-05,ok,0.8774592083259714
CD74,ENSG00000019582,Weighted median,3,0.034994705048384034,0.09548386903685513,1.0356142252578902,0.8588562830563172,1.2487500466782682,0.7139930514348174,wmedian,,,,,,,ok,0.9074309920197118
HLA-DQA1,ENSG00000196735,IVW,4,-0.02420842077834078,0.02901260792362213,0.9760822527334708,0.9221262517569794,1.033195359405444,0.4040497782259478,fixed,2.7430380324172408,3.0,0.43296290848523744,0.0,,,ok,0.8774592083259714
HLA-DQA1,ENSG00000196735,MR-Egger,4,-0.01547863131996127,0.0378402553795619,0.984640546995733,0.9142552021784345,1.0604446159868133,0.7221460179632928,egger,,2.0,,,-0.004688019230264274,0.6551736070798442,ok,0.9074309920197118
HLA-DQA1,ENSG00000196735,Weighted median,4,-0.02939736621485857,0.04329500261553675,0.9710305330661966,0.8920299494570234,1.0570276219097385,0.49713699206937756,wmedian,,,,,,,ok,0.8774592083259714
CD14,ENSG00000170458,IVW,6,-0.01001832110588928,0.03330524668644785,0.9900316951074888,0.9274683541371346,1.0568153112127443,0.7635646522366526,random,8.048853404130202,5.0,0.15356369329670305,0.37879350648450233,,,ok,0.9074309920197118
CD14,ENSG00000170458,MR-Egger,6,-0.044338878355923095,0.044687615359777326,0.9566297214306355,0.8764053169594196,1.044197708771807,0.3772644561318481,egger,,4.0,,,-0.014635515330380235,0.26320115653225873,ok,0.8774592083259714
CD14,ENSG00000170458,Weighted median,6,-0.01128993040845766,0.04664061157843848,0.9887735616907632,0.9023926627382869,1.0834232110574946,0.8087319447205124,wmedian,,,,,,,ok,0.9074309920197118
FCGR3A,ENSG00000203747,IVW,2,,,,,,,,,,,,,,insufficient_instruments,
HAVCR2,ENSG00000135077,IVW,6,-0.05808587179855884,0.050375037566291435,0.9435689179977238,0.8548571111886589,1.0414866898322022,0.2488822468700207,random,7.598200320102461,5.0,0.17981414179740818,0.34194943679339906,,,ok,0.8774592083259714
HAVCR2,ENSG00000135077,MR-Egger,6,-0.10100176883185638,0.06403993098163425,0.9039314339817336,0.7973033693314033,1.0248194962796457,0.18989038842188447,egger,,4.0,,,-0.011434440388850366,0.28754102212212485,ok,0.8774592083259714
HAVCR2,ENSG00000135077,Weighted median,6,-0.09264775109286917,0.0977739869972722,0.9115145237475651,0.7525523131738665,1.1040544457283363,0.3433481221986112,wmedian,,,,,,,ok,0.8774592083259714
FIS1,ENSG00000214253,IVW,8,-0.017238361975186953,0.021985980640968846,0.9829093684914862,0.9414529702871685,1.0261912779070022,0.4330039976297049,random,7.36961543472379,7.0,0.3914357940805522,0.050153965019972976,,,ok,0.8774592083259714
FIS1,ENSG00000214253,MR-Egger,8,-0.00482336010921135,0.02535926261890977,0.9951882536122704,0.9469324538022653,1.0459031751959067,0.8554234689919417,egger,,6.0,,,0.006954474363014225,0.32332058295052524,ok,0.9074309920197118
FIS1,ENSG00000214253,Weighted median,8,-0.006049145574624909,0.052022436876414946,0.9939691136703043,0.8976158179708837,1.1006653171107301,0.9074309920197118,wmedian,,,,,,,ok,0.9074309920197118
