doi,status,note
10.1038/nri3552,OK,Hotchkiss RS, Monneret G, Payen D
10.1001/jama.2011.1829,OK,Boomer JS, To K, Chang KC, Takasu O, Osborne DF, Walton AH, et al
10.1038/nri.2017.36,OK,van der Poll T, van de Veerdonk FL, Scicluna BP, Netea MG
10.1001/jama.2016.0287,OK,Singer M, Deutschman CS, Seymour CW, Shankar-Hari M, Annane D, Bauer M, et al
10.1016/S2213-2600(17)30294-1,OK,Scicluna BP, van Vught LA, Zwinderman AH, Wiewel MA, Davenport EE, Burnham KL, et al
10.1016/s2213-2600(16)00046-1,OK,Davenport EE, Burnham KL, Radhakrishnan J, Humburg P, Hutton P, Mills TC, et al
10.1186/1471-2105-9-559,OK,Langfelder P, Horvath S
10.1093/nar/gkv007,OK,Ritchie ME, Phipson B, Wu D, Hu Y, Law CW, Shi W, et al
10.1016/j.cell.2017.10.049,OK,Subramanian A, Narayan R, Corsello SM, Peck DD, Natoli TE, Lu X, et al
10.1038/nmeth.3337,OK,Newman AM, Liu CL, Green MR, Gentles AJ, Feng W, Xu Y, et al
10.1038/s41587-019-0114-2,OK,Newman AM, Steen CB, Liu CL, Gentles AJ, Chaudhuri AA, Scherer F, et al
10.1186/s13059-017-1349-1,OK,Aran D, Hu Z, Butte AJ
10.1093/ije/dyv080,OK,Bowden J, Davey Smith G, Burgess S
10.7554/elife.34408,OK,Hemani G, Zheng J, Elsworth B, Wade KH, Haberland V, Baird D, et al
10.1093/ije/dyw220,OK,Bowden J, Del Greco M
10.1002/sim.5925,OK,Schuemie MJ, Ryan PB, DuMouchel W, Suchard MA, Madigan D
10.1038/s41588-018-0099-7,OK,Verbanck M, Chen C, Neale B, Do R
10.1172/jci.insight.98960,OK,Francois B, Jeannet R, Daix T, Walton AH, Shotwell MS, Unsinger J, et al
10.1164/rccm.200903-0363OC,OK,Meisel C, Schefold JC, Pschowski R, Baumann T, Hetzger K, Gregor J, et al
10.4049/jimmunol.130.4.1492,OK,Basham TY, Merigan TC
10.1038/nm0697-678,OK,Döcke W, Randow F, Syrbe U, Krausch D, Asadullah K, Reinke P, et al
10.1126/science.aaf1098,OK,Netea MG, Joosten LAB, Latz E, Mills KHG, Natoli G, Stunnenberg HG, et al
10.1016/j.chom.2011.04.006,OK,Netea MG, Quintin J, van der Meer JWM
10.1016/j.pharmthera.2014.03.003,OK,Parnham MJ, Haber VE, Giamarellos-Bourboulis EJ, Perletti G, Verleden GM, Vos R
10.1038/leu.2011.359,OK,McDaniel JM, Zou JX, Fulp W, Chen D, List AF, Epling-Burnette PK
10.1016/j.ijid.2014.12.032,OK,Li C, Bo L, Liu Q, Jin F
10.1093/nar/30.1.207,OK,Edgar R
10.1093/nar/gky964,OK,Athar A, Füllgrabe A, George N, Iqbal H, Huerta L, Ali A, et al
10.3389/fimmu.2023.1152117,OK,Peng Y, Wu Q, Liu H, Zhang J, Han Q, Yin F, et al
