logFC,adj.P.Val,DEG,gene
-0.3488114426295912,2.838214142965692e-13,False,HAVCR2
-0.30904611225574463,0.042408381691219035,False,GZMK
-0.5301100669368495,5.439174379940074e-09,False,HLA-DQA1
-0.13591716741512894,0.07668172449755836,False,CD8B
0.16186060743834219,2.995086593681875e-10,False,PDCD1
-0.20267284700194477,0.01738368498214774,False,HLA-DQB1
-0.3206420371744003,0.002986483844153482,False,CD8A
-0.639785101643604,7.297384952194685e-09,False,LCK
-0.7657418113006784,0.0,False,CD14
-0.8925095381096675,1.0657215850547649e-15,False,HLA-DRB1
-0.8911484453725231,2.081148742173666e-15,False,HLA-DMA
-0.5962386199857672,8.032944505292017e-06,False,IL7R
-0.5642527082392128,2.514064293602992e-06,False,CD3G
-0.2084444637173366,0.0016773155724580273,False,ITGAM
-0.20930361667288633,0.11002952197638415,False,GZMA
-0.609745502343273,9.05238109518638e-11,False,FCGR3A
-0.25612570282369873,3.5627142202450116e-06,False,LYZ
-0.7578166050510449,2.081148742173666e-15,False,CD74
0.03506341883582076,0.5520629903380427,False,LAG3
-0.435557922002781,0.00022069347493095716,False,CD3D
-0.4089485712125738,0.011415758024331634,False,HLA-DRB5
-0.15695331135353952,0.0006989057679187833,False,TIGIT
-0.44003915212764433,2.607592247322426e-07,False,HLA-DMB
-0.2164437607154226,0.0007734606844491279,False,CD3E
-0.4689413406030756,3.7715325338734113e-07,False,HLA-DRA
-0.09037612307770226,0.0342631969347414,False,CTLA4
