logFC,P.Value,adj.P.Val,DEG_0.3,gene,direction
-0.7657418113006784,0.0,0.0,True,CD14,Mars1_down
-0.8925095381096675,2.220446049250313e-16,1.0657215850547649e-15,True,HLA-DRB1,Mars1_down
-0.7578166050510449,4.440892098500626e-16,2.081148742173666e-15,True,CD74,Mars1_down
-0.8911484453725231,4.440892098500626e-16,2.081148742173666e-15,True,HLA-DMA,Mars1_down
-0.3488114426295912,7.549516567451064e-14,2.838214142965692e-13,True,HAVCR2,Mars1_down
-0.609745502343273,3.0915936477526884e-11,9.05238109518638e-11,True,FCGR3A,Mars1_down
0.16186060743834219,1.0733325339629118e-10,2.995086593681875e-10,False,PDCD1,Mars1_up
-0.5301100669368495,2.2018291634395837e-09,5.439174379940074e-09,True,HLA-DQA1,Mars1_down
-0.639785101643604,2.9901603415538602e-09,7.297384952194685e-09,True,LCK,Mars1_down
-0.44003915212764433,1.25342809909057e-07,2.607592247322426e-07,True,HLA-DMB,Mars1_down
-0.4689413406030756,1.8436930027121434e-07,3.7715325338734113e-07,True,HLA-DRA,Mars1_down
-0.5642527082392128,1.3328753052377351e-06,2.514064293602992e-06,True,CD3G,Mars1_down
-0.25612570282369873,1.9160530075890136e-06,3.5627142202450116e-06,False,LYZ,Mars1_down
-0.5962386199857672,4.484055314613045e-06,8.032944505292017e-06,True,IL7R,Mars1_down
-0.435557922002781,0.0001424860988854526,0.00022069347493095716,True,CD3D,Mars1_down
-0.15695331135353952,0.00047629223701384227,0.0006989057679187833,False,TIGIT,Mars1_down
-0.2164437607154226,0.0005305246000375519,0.0007734606844491279,False,CD3E,Mars1_down
-0.2084444637173366,0.001188638511847806,0.0016773155724580273,False,ITGAM,Mars1_down
-0.3206420371744003,0.002171092604474456,0.002986483844153482,True,CD8A,Mars1_down
-0.20267284700194477,0.013721022993114618,0.01738368498214774,False,HLA-DQB1,Mars1_down
-0.09037612307770226,0.0279126521430344,0.0342631969347414,False,CTLA4,Mars1_down
-0.30904611225574463,0.034875822533285694,0.042408381691219035,True,GZMK,Mars1_down
-0.13591716741512894,0.06487890328615364,0.07668172449755836,False,CD8B,Mars1_down
-0.20930361667288633,0.09476542126293142,0.11002952197638415,False,GZMA,Mars1_down
0.03506341883582076,0.5241219604424721,0.5520629903380427,False,LAG3,Mars1_up
