gene,logFC_allOther,adj.P_allOther,logFC_endotypeOnly,adj.P_endotypeOnly,retains_0.3_FDR05
CD14,-0.766,0.00e+00,-0.771,0.00e+00,yes
HLA-DRB1,-0.893,1.07e-15,-0.591,1.68e-07,yes
CD74,-0.758,2.08e-15,-0.485,2.13e-07,yes
HLA-DMA,-0.891,2.08e-15,-0.617,6.29e-08,yes
HAVCR2,-0.349,2.84e-13,-0.389,2.95e-13,yes
FCGR3A,-0.610,9.05e-11,-0.555,7.11e-08,yes
PDCD1,0.162,3.00e-10,0.205,5.96e-14,no
HLA-DQA1,-0.530,5.44e-09,-0.237,3.59e-03,no
LCK,-0.640,7.30e-09,-0.404,4.97e-05,yes
HLA-DMB,-0.440,2.61e-07,-0.172,3.91e-02,no
HLA-DRA,-0.469,3.77e-07,-0.182,7.08e-02,no
CD3G,-0.564,2.51e-06,-0.348,3.95e-03,yes
LYZ,-0.256,3.56e-06,-0.212,2.49e-04,no
IL7R,-0.596,8.03e-06,-0.204,1.30e-01,no
CD3D,-0.436,2.21e-04,-0.152,1.90e-01,no
TIGIT,-0.157,6.99e-04,-0.022,5.38e-01,no
CD3E,-0.216,7.73e-04,-0.055,3.46e-01,no
ITGAM,-0.208,1.68e-03,-0.477,1.71e-15,yes
CD8A,-0.321,2.99e-03,-0.128,2.59e-01,no
HLA-DQB1,-0.203,1.74e-02,-0.062,4.69e-01,no
CTLA4,-0.090,3.43e-02,0.004,9.20e-01,no
GZMK,-0.309,4.24e-02,-0.067,6.80e-01,no
CD8B,-0.136,7.67e-02,0.002,9.84e-01,no
GZMA,-0.209,1.10e-01,-0.097,5.13e-01,no
LAG3,0.035,5.52e-01,0.060,3.63e-01,no
