sample,immune_function_score,mars_endotype,death_28d
GSM1602801,0.9233329885326054,,
GSM1602802,0.551559140036431,Mars2,0.0
GSM1602803,0.19395463911814664,Mars2,0.0
GSM1602804,2.6953408015893032,,
GSM1602805,-0.5026432574194353,Mars2,0.0
GSM1602806,0.2782334949874534,,
GSM1602807,3.30314366082855,,
GSM1602808,1.558656684018794,,
GSM1602809,2.5809798366540977,,
GSM1602810,2.1443437285453246,Mars3,0.0
GSM1602811,-0.6837797189190513,Mars4,0.0
GSM1602812,-0.2007483809400831,Mars1,0.0
GSM1602813,-0.4072605707376759,Mars1,1.0
GSM1602814,0.541198195665017,,
GSM1602815,-1.2659300277457959,Mars2,0.0
GSM1602816,0.1438038926879016,Mars3,0.0
GSM1602817,-0.4968374209634272,,
GSM1602818,-2.188153875905927,Mars1,0.0
GSM1602819,-1.3637061157029022,Mars2,0.0
GSM1602820,0.5661316395690839,Mars3,0.0
GSM1602821,-2.098807687954637,,
GSM1602822,2.2043409283932625,,
GSM1602823,-2.2006345087609778,Mars1,1.0
GSM1602824,-0.8217903795522117,Mars1,0.0
GSM1602825,0.9819089828925013,Mars2,0.0
GSM1602826,-1.3097727765014364,Mars2,0.0
GSM1602827,-0.10312105105828503,Mars3,0.0
GSM1602828,1.60232677692878,,
GSM1602829,-0.9968410966893949,Mars2,0.0
GSM1602830,0.21481617457603389,Mars2,0.0
GSM1602831,-0.4998004441777987,Mars2,0.0
GSM1602832,1.8745826146906865,Mars3,0.0
GSM1602833,-3.0487011319846773,,
GSM1602834,-1.2633621624187954,Mars2,0.0
GSM1602835,1.6278797706524797,,
GSM1602836,1.358947046948009,Mars3,0.0
GSM1602837,0.9460618532739021,Mars2,0.0
GSM1602838,1.5329449315304966,Mars3,0.0
GSM1602839,-0.5665564649058162,Mars2,1.0
GSM1602840,0.7379351820907974,Mars2,0.0
GSM1602841,0.9404399077513992,Mars2,0.0
GSM1602842,-0.5816603654522396,Mars2,0.0
GSM1602843,-0.34347504599880324,Mars4,0.0
GSM1602844,-3.649563808363062,Mars2,1.0
GSM1602845,-2.152819342579307,Mars2,0.0
GSM1602846,2.0249025220709367,Mars3,0.0
GSM1602847,1.2586671771079843,Mars3,0.0
GSM1602848,-0.7521843554390147,Mars1,0.0
GSM1602849,0.21956890833503598,Mars4,1.0
GSM1602850,-1.1269135224937492,Mars2,0.0
GSM1602851,-0.46287671386119034,Mars3,1.0
GSM1602852,0.1035054848794957,Mars1,0.0
GSM1602853,-0.5594052780396674,Mars3,0.0
GSM1602854,-0.23542411441272934,,
GSM1602855,0.5641670991585255,Mars2,0.0
GSM1602856,-0.2903119027766661,Mars3,0.0
GSM1602857,-2.333285420415538,Mars3,0.0
GSM1602858,-1.9824147154002656,Mars2,1.0
GSM1602859,-0.4273088862992882,Mars2,0.0
GSM1602860,0.13307752611703044,Mars3,0.0
GSM1602861,-0.9090070110179264,Mars2,0.0
GSM1602862,2.1334029560463033,,
GSM1602863,0.0791334090431253,Mars2,1.0
GSM1602864,3.362102075829313,,
GSM1602865,-0.14043828075575734,,
GSM1602866,0.8512124074969261,Mars4,0.0
GSM1602867,0.03363367348215868,,
GSM1602868,-0.23466279992992709,Mars4,1.0
GSM1602869,-2.7746140510196886,Mars1,0.0
GSM1602870,3.4943925554001987,,
GSM1602871,2.665916464469016,,
GSM1602872,2.335840874849883,,
GSM1602873,-1.425671628351091,Mars2,0.0
GSM1602874,2.1946023697752204,,
GSM1602875,2.3738396540026088,,
GSM1602876,2.32797600804991,,
GSM1602877,-0.11808143329173923,,
GSM1602878,-0.07371287684949626,Mars1,0.0
GSM1602879,-1.8903346626020792,Mars3,0.0
GSM1602880,0.197507706692354,Mars3,1.0
GSM1602881,0.6537659762713584,Mars3,0.0
GSM1602882,0.2951467803098724,Mars3,0.0
GSM1602883,-3.0515986788828906,Mars2,0.0
GSM1602884,2.79578625045019,,
GSM1602885,-2.583129633713395,Mars2,0.0
GSM1602886,-0.0012924364693751977,Mars3,0.0
GSM1602887,0.24262509335313473,,
GSM1602888,1.4885336493455588,Mars3,0.0
GSM1602889,-0.2760530137810788,Mars2,0.0
GSM1602890,-1.0426134976083752,,
GSM1602891,2.016341325256041,,
GSM1602892,3.5450415407766274,,
GSM1602893,2.190854062505806,,
GSM1602894,3.647110011475105,,
GSM1602895,3.1586395588207106,,
GSM1602896,2.214640213269532,,
GSM1602897,3.0292723270837403,,
GSM1602898,3.1973304297141816,,
GSM1602899,2.6260941549188814,,
GSM1602900,2.582285212861828,,
GSM1602901,2.9321711360221028,,
GSM1602902,-1.7163530524225188,Mars2,0.0
GSM1602903,-1.6131223294101167,Mars1,1.0
GSM1602904,2.279069469002224,,
GSM1602905,2.797245401759546,,
GSM1602906,-0.15102021733760937,Mars3,0.0
GSM1602907,-0.9091556676121274,Mars4,0.0
GSM1602908,-0.8854493374134131,Mars1,1.0
GSM1602909,3.744533643752129,,
GSM1602910,2.7745306082665198,,
GSM1602911,2.053081147980087,,
GSM1602912,-0.42882802393740055,Mars3,1.0
GSM1602913,3.6343134567133135,,
GSM1602914,2.975122681092446,,
GSM1602915,3.012269960410519,,
GSM1602916,2.6664190295442936,,
GSM1602917,0.8745132413212386,,
GSM1602918,1.8914901791194467,,
GSM1602919,1.5242238734272546,,
GSM1602920,2.5261671691475516,,
GSM1602921,0.6873898777794911,Mars4,0.0
GSM1602922,-1.6055412810330019,Mars2,0.0
GSM1602923,-0.7121394578904742,Mars2,1.0
GSM1602924,-0.8108097790069269,Mars2,0.0
GSM1602925,-1.7173331432132002,Mars4,0.0
GSM1602926,-0.5358362562781025,,
GSM1602927,-2.271212286979954,Mars4,1.0
GSM1602928,-0.43287113583995773,Mars2,1.0
GSM1602929,-2.9763345369115246,Mars2,0.0
GSM1602930,2.0354226586250705,Mars3,0.0
GSM1602931,0.6654594560457398,Mars4,1.0
GSM1602932,-2.7622762079564156,Mars2,1.0
GSM1602933,-0.8512718816965181,Mars1,0.0
GSM1602934,-1.3445844020912632,Mars4,1.0
GSM1602935,-1.3973285256375085,Mars1,0.0
GSM1602936,0.20420768036312054,Mars2,0.0
GSM1602937,-0.04698751032237922,Mars1,0.0
GSM1602938,-1.0374401798841277,,
GSM1602939,0.16713312601669864,,
GSM1602940,-2.60059238711012,Mars1,0.0
GSM1602941,2.1915086937464894,,
GSM1602942,-1.730167231054641,Mars2,1.0
GSM1602943,1.9970073559405077,Mars3,1.0
GSM1602944,-0.8134477483661697,Mars3,0.0
GSM1602945,0.44168107040986515,Mars4,0.0
GSM1602946,-0.3692847658005505,Mars2,1.0
GSM1602947,0.22661334608748518,,
GSM1602948,3.580615869657399,,
GSM1602949,1.248100693931759,,
GSM1602950,1.892888231625513,Mars3,0.0
GSM1602951,-1.1140417620216005,,
GSM1602952,1.4721114698668936,Mars3,0.0
GSM1602953,0.36520753394276473,Mars1,0.0
GSM1602954,3.861578022714728,,
GSM1602955,-0.6172180786720983,,
GSM1602956,2.8029540389901952,,
GSM1602957,2.7078368509183526,,
GSM1602958,0.800460311807351,Mars4,0.0
GSM1602959,1.2167085834028262,,
GSM1602960,2.656702674451018,,
GSM1602961,2.6239558378951116,,
GSM1602962,2.2847389553977275,,
GSM1602963,3.3194122464318427,,
GSM1602964,2.361833875215443,,
GSM1602965,2.510097811241155,,
GSM1602966,2.8431790332088265,,
GSM1602967,0.6919619769901674,,
GSM1602968,2.9510086034447114,Mars1,0.0
GSM1602969,2.4950555895014497,,
GSM1602970,-1.037551684758014,,
GSM1602971,0.823679284484311,,
GSM1602972,-0.6621195287163939,,
GSM1602973,-0.8085422063545258,Mars1,0.0
GSM1602974,-1.811258758113994,Mars1,0.0
GSM1602975,-0.10615514471030826,Mars2,0.0
GSM1602976,-1.9066621900232945,Mars1,0.0
GSM1691861,-1.3812708299584682,Mars1,1.0
GSM1691862,0.7131134161346824,,
GSM1691863,-0.5467094572661884,Mars2,0.0
GSM1691864,-0.25372408926943774,Mars3,1.0
GSM1691865,-0.6809648971103619,Mars2,0.0
GSM1691866,-0.5931913600001228,Mars1,0.0
GSM1691867,-0.595949715303455,Mars1,0.0
GSM1691868,0.29217762525751445,Mars1,1.0
GSM1691869,-0.8658634948841744,,
GSM1691870,0.034590460496161296,,
GSM1691871,-2.8128507633233704,Mars2,0.0
GSM1691873,0.9733764994952363,Mars3,0.0
GSM1691874,-1.1424877867137047,Mars4,0.0
GSM1691875,-0.014771419886030897,Mars2,0.0
GSM1691876,0.6028168009140441,,
GSM1691877,-1.4471281712657549,Mars1,0.0
GSM1691878,1.1873266987323763,Mars2,0.0
GSM1691879,1.0256814433085024,,
GSM1691880,-0.9901878470632794,Mars1,1.0
GSM1691881,1.1303411958006455,,
GSM1691882,-1.5599505532892284,Mars2,0.0
GSM1691883,-0.3376658206418268,Mars4,0.0
GSM1691884,-0.3135602878630476,Mars3,1.0
GSM1691885,0.6115460189365405,Mars2,0.0
GSM1691886,-0.46438314841827155,Mars4,0.0
GSM1691887,-1.589646166706478,,
GSM1691888,-1.075574864630178,,
GSM1691889,-0.23220322466870044,,
GSM1691890,1.9337494666199997,Mars4,0.0
GSM1691891,-1.0259734989826008,,
GSM1691892,-0.058245160174374616,,
GSM1691893,-1.0612997557718982,Mars1,0.0
GSM1691894,-0.22000418747966052,,
GSM1691895,0.574924314505201,Mars3,0.0
GSM1691896,-0.7393474518192645,Mars3,0.0
GSM1691897,-0.4728077252419645,Mars3,0.0
GSM1691898,-0.7775265401572973,Mars1,0.0
GSM1691899,1.9751563550315663,,
GSM1691900,0.6279659342497992,Mars3,1.0
GSM1691901,-0.05666831461818869,Mars2,0.0
GSM1691902,2.059504797237615,,
GSM1691903,-0.5184072799405207,Mars1,0.0
GSM1691904,0.15634459592873537,Mars2,0.0
GSM1691905,0.47478791803143483,Mars3,0.0
GSM1691906,1.2118966362645722,,
GSM1691907,2.71213028528658,,
GSM1691908,-1.1227676065930763,,
GSM1691909,-0.12025219643239923,Mars2,0.0
GSM1691910,0.1985086062828902,,
GSM1691911,0.376144435439296,Mars3,0.0
GSM1691912,0.9051379923445452,,
GSM1691913,2.912618667388468,,
GSM1691914,0.17681340422628908,,
GSM1691915,-0.6536669284003107,Mars2,0.0
GSM1691916,0.9369936344882761,,
GSM1691917,-0.6746171966479148,,
GSM1691918,-1.0584890494359451,Mars2,0.0
GSM1691919,0.0887979128470088,,
GSM1691920,0.10956239714086866,,
GSM1691921,0.24579868433857002,,
GSM1691922,0.7186258791057507,,
GSM1691923,0.9667605183623624,Mars3,0.0
GSM1691924,0.12700986835278627,,
GSM1691925,-0.4795895086185201,Mars2,0.0
GSM1691926,0.43236094654017937,,
GSM1691927,-2.0016088707874036,Mars2,0.0
GSM1691928,1.106962053027883,Mars3,0.0
GSM1691929,-0.6812200484830452,Mars3,0.0
GSM1691930,-1.790661170453864,,
GSM1691932,-1.2220462724183856,Mars1,1.0
GSM1691933,-3.450493647668798,Mars2,0.0
GSM1691934,0.8064223419812482,Mars4,0.0
GSM1691935,-1.318774903218288,Mars2,1.0
GSM1691936,0.8877170358853677,,
GSM1691937,-1.3005224831398783,Mars1,1.0
GSM1691938,0.3042787522706778,Mars3,0.0
GSM1691939,1.0790543990866572,,
GSM1691940,-0.5363151338851384,,
GSM1691941,-2.9233151143293017,Mars2,0.0
GSM1691942,-1.9346331593711403,Mars1,0.0
GSM1691943,-0.8583126128553761,Mars1,1.0
GSM1691944,1.318299740024976,Mars3,0.0
GSM1691945,0.9283302849664212,,
GSM1691946,0.35538209872597126,Mars3,1.0
GSM1691947,-0.4687787437226349,Mars2,0.0
GSM1691948,0.48816669316387973,,
GSM1691949,-1.0394886614946914,,
GSM1691950,-0.04976159326617294,,
GSM1691951,2.219071167280105,,
GSM1691952,1.2830538151790178,,
GSM1691953,-0.5628927325917716,Mars2,0.0
GSM1691954,-0.7262871364124914,Mars2,0.0
GSM1691955,0.49533151868259906,,
GSM1691957,0.5862770277542622,Mars1,0.0
GSM1691958,-0.5260192347604842,,
GSM1691959,-0.4972992799995358,Mars2,0.0
GSM1691960,1.3851419199497141,Mars3,0.0
GSM1691961,0.5351816173400221,Mars4,0.0
GSM1691962,0.5432685919056702,Mars3,0.0
GSM1691963,-0.16959771127584217,Mars4,0.0
GSM1691964,0.1354136662518929,,
GSM1691965,0.10742232993179876,Mars2,1.0
GSM1691966,-2.307539162150612,Mars1,1.0
GSM1691967,0.5394524774342442,,
GSM1691968,-0.6804413675179248,Mars2,0.0
GSM1691969,-1.2269824368135056,Mars1,1.0
GSM1691970,-1.2388753377935617,Mars1,0.0
GSM1691971,0.37525388850535124,,
GSM1691972,2.2687680117870066,,
GSM1691973,0.4052593766210886,Mars4,0.0
GSM1691974,0.5515431061130224,,
GSM1691975,-1.1568127644324988,,
GSM1691976,1.1971447523082024,,
GSM1691977,-1.377811050571238,Mars4,0.0
GSM1691978,-0.37451743400941956,,
GSM1691979,-0.5944846175863852,,
GSM1691980,-0.8058088100134568,Mars1,0.0
GSM1691981,-1.30439621885034,Mars1,1.0
GSM1691982,-0.19590486631238316,,
GSM1691983,-1.4120351800397992,Mars2,0.0
GSM1691984,-0.9052093079440128,Mars1,1.0
GSM1691985,-1.8670402893240106,Mars2,1.0
GSM1691986,-0.945498936927788,Mars2,0.0
GSM1691987,-1.8943382286620583,Mars2,0.0
GSM1691988,-0.521972138125491,,
GSM1691989,1.1519941187677103,Mars3,0.0
GSM1691990,-0.5704107192322443,Mars2,0.0
GSM1691991,-0.18625500673659953,Mars2,1.0
GSM1691992,-0.6705184512808472,Mars2,1.0
GSM1691993,2.221609544632622,Mars3,0.0
GSM1691994,-0.7426610398265101,Mars2,0.0
GSM1691995,1.4490705565132642,Mars1,0.0
GSM1691996,-1.8414835248180632,,
GSM1691997,-0.5868685697329515,Mars4,0.0
GSM1691998,1.564057619716163,,
GSM1691999,0.7912447757581227,,
GSM1692000,1.0516643668621002,Mars3,0.0
GSM1692001,-1.518608499584961,,
GSM1692002,-0.16504929488826622,Mars2,0.0
GSM1692003,-2.2335144438915466,,
GSM1692004,0.5318491988120203,Mars4,1.0
GSM1692005,0.3482324742680385,Mars3,0.0
GSM1692006,-2.398525441305116,Mars1,1.0
GSM1692007,0.06117621101530171,Mars2,0.0
GSM1692008,-0.04299117447014133,Mars1,0.0
GSM1692009,-0.5649240871537896,Mars2,0.0
GSM1692010,1.30408403512502,,
GSM1692011,-1.6999088568323553,Mars1,1.0
GSM1692012,-0.5259803521182591,Mars1,0.0
GSM1692015,-0.8458817213768396,,
GSM1692016,-0.23138902466054875,Mars4,0.0
GSM1692017,-1.9247438899381846,Mars2,1.0
GSM1692018,-0.06887302978441487,,
GSM1692019,-1.1439098001366121,Mars1,0.0
GSM1692020,1.350056557683488,,
GSM1692021,0.9542891131770819,,
GSM1692022,-0.7747168444894732,Mars1,0.0
GSM1692023,0.09310458267629326,Mars1,0.0
GSM1692024,-1.5417722219119663,Mars1,1.0
GSM1692025,1.1763416437754681,Mars3,0.0
GSM1692026,0.954942894242649,,
GSM1692027,1.5501245165198758,,
GSM1692028,-0.9321568182086123,,
GSM1692029,-0.5256258577489044,Mars1,1.0
GSM1692030,-0.10222205674943227,Mars1,0.0
GSM1692032,0.053237806706432425,Mars1,0.0
GSM1692033,0.34238470780623453,Mars3,0.0
GSM1692034,0.009239956951005683,Mars2,0.0
GSM1692035,1.6401875000895365,Mars3,0.0
GSM1692036,-0.017460797103801856,,
GSM1692037,-1.378303665982597,,
GSM1692038,-2.948819685864347,Mars1,1.0
GSM1692039,-0.3232188722065666,,
GSM1692040,-0.314823452651231,Mars4,0.0
GSM1692041,1.0815963821562966,Mars3,0.0
GSM1692042,1.3920222250139909,Mars3,0.0
GSM1692043,-1.6103944992809898,Mars1,1.0
GSM1692044,0.4874060150295836,,
GSM1692045,-0.9547373803188495,Mars2,0.0
GSM1692046,-0.6957102227732901,,
GSM1692047,-1.7167445756241984,Mars2,1.0
GSM1692048,-0.026444529191912064,,
GSM1692049,0.24870214460002393,,
GSM1692050,-2.442147338106032,Mars2,0.0
GSM1692051,-0.35953386141176125,Mars1,0.0
GSM1692052,-0.7613991821369527,Mars2,0.0
GSM1692053,-0.2733764316491763,,
GSM1692054,1.2202305399949285,,
GSM1692055,-1.340716040773318,Mars4,0.0
GSM1692056,-0.8291911890927954,Mars1,1.0
GSM1692057,-1.3835571539024623,,
GSM1692058,-0.3384852808298137,Mars2,0.0
GSM1692059,-0.20902895217521986,Mars2,0.0
GSM1692060,-1.901643425600696,Mars1,0.0
GSM1692061,0.0869800273943748,Mars2,0.0
GSM1692062,-0.7630997985407543,,
GSM1692063,0.13505502623036633,Mars4,0.0
GSM1692064,-0.059591217436081506,Mars1,1.0
GSM1692065,-1.2562033175108063,Mars1,0.0
GSM1692066,0.6992335906291263,Mars4,0.0
GSM1692067,0.8585550502322471,,
GSM1692068,1.5224578734100749,Mars3,0.0
GSM1692069,0.6537601384291792,,
GSM1692070,-2.20508074938832,,
GSM1692071,-0.3744357701923495,Mars2,1.0
GSM1692072,-0.9194298808856572,,
GSM1692073,-1.4586725628935866,Mars4,0.0
GSM1692074,0.2334989433179012,Mars2,0.0
GSM1692075,0.8257159137355403,,
GSM1692077,2.0059428980763823,Mars3,0.0
GSM1692078,-0.3043951654188829,,
GSM1692079,-0.353116251843678,Mars4,1.0
GSM1692080,1.5067574095337728,,
GSM1692081,0.10179872629510195,Mars1,0.0
GSM1692082,0.22060554146125314,,
GSM1692083,-1.3629639552597173,,
GSM1692084,-1.0613278357371734,Mars2,0.0
GSM1692085,1.5667242715836618,,
GSM1692086,-2.0226556501890993,Mars2,0.0
GSM1692087,-0.20140665097006047,Mars3,0.0
GSM1692088,-2.34368931133902,,
GSM1692089,1.73355502780434,Mars3,0.0
GSM1692090,-0.3638376823349734,,
GSM1692091,-0.729842818516326,,
GSM1692092,-1.4153443152201908,Mars3,1.0
GSM1692093,1.5956628896735567,Mars3,0.0
GSM1692094,0.37447351127219247,Mars3,0.0
GSM1692095,0.6488023240721259,,
GSM1692096,-0.15553657101282595,Mars2,0.0
GSM1692097,-0.5256879082479486,,
GSM1692098,0.12010475513527205,,
GSM1692099,-1.8815545239254166,Mars4,0.0
GSM1692100,-1.5747522141707864,Mars1,1.0
GSM1692101,2.1356231291050904,Mars4,0.0
GSM1692102,1.4859775489412967,,
GSM1692103,-1.057400617155329,Mars2,0.0
GSM1692104,2.4981831572615487,,
GSM1692105,0.7608503240842479,Mars1,1.0
GSM1692106,0.6164348751844161,,
GSM1692107,-0.030453835578800742,Mars2,0.0
GSM1692108,0.15334580338356082,Mars2,0.0
GSM1692109,1.3013388120695555,Mars1,0.0
GSM1692110,-0.3557365537235836,,
GSM1692111,-2.2049092304168565,,
GSM1692112,-1.197714212043657,Mars2,1.0
GSM1692114,-0.484264055701643,Mars2,1.0
GSM1692115,-1.8589770521051079,Mars1,0.0
GSM1692116,1.1574567503553814,Mars3,0.0
GSM1692117,-1.6266266557227307,Mars2,0.0
GSM1692118,0.6513809226336957,Mars4,0.0
GSM1692119,-2.3240788720838474,Mars1,1.0
GSM1692120,0.5129353226785363,,
GSM1692121,0.22055759377956477,Mars2,0.0
GSM1692122,-0.3745285473501899,,
GSM1692123,-0.9894853855564709,Mars1,0.0
GSM1692124,-0.9667070623014833,Mars1,1.0
GSM1692125,0.7710547833643546,Mars3,0.0
GSM1692126,-0.6910239143138643,Mars2,0.0
GSM1692127,1.6966019722441321,Mars3,0.0
GSM1692128,1.4748856243068942,,
GSM1692129,-1.438497758051264,,
GSM1692130,0.8287052722126278,Mars3,0.0
GSM1692131,0.5434154345756229,,
GSM1692132,-1.3005128158500685,Mars2,0.0
GSM1692133,1.090228798295126,Mars1,0.0
GSM1692135,-0.6479543281134914,,
GSM1692136,-1.3734079696275006,Mars1,0.0
GSM1692137,-1.1379923827289686,Mars2,0.0
GSM1692138,-0.8149914497498993,Mars2,0.0
GSM1692139,-3.4499204335892313,Mars2,0.0
GSM1692140,-2.2501652497424205,Mars2,0.0
GSM1692141,0.16399202180481823,Mars2,0.0
GSM1692142,-0.17739083844285966,Mars1,0.0
GSM1692143,1.8203759042356784,Mars4,0.0
GSM1692144,1.7637805490808887,Mars4,1.0
GSM1692145,-1.39825545826028,Mars4,0.0
GSM1692146,-2.3377673893845676,Mars2,1.0
GSM1692147,-0.7428891523131359,,
GSM1692148,0.634062177625663,Mars2,1.0
GSM1692149,0.9773636780969642,Mars2,1.0
GSM1692150,3.0671000601767107,,
GSM1692151,0.06868964569232808,Mars1,1.0
GSM1692152,0.46586503789979516,,
GSM1692153,-0.1035101295226338,Mars2,0.0
GSM1692154,-0.29563949984357785,,
GSM1692155,-0.9408324449022996,,
GSM1692156,-0.8769609489778099,Mars2,0.0
GSM1692157,-0.8152542758707895,Mars3,0.0
GSM1692158,-0.4273637270778971,Mars4,0.0
GSM1692159,0.6933351832978686,,
GSM1692160,-2.438869897396275,Mars1,1.0
GSM1692161,1.3914086605701868,,
GSM1692162,-0.16636794452319537,Mars1,0.0
GSM1692163,1.1885351911813329,Mars1,1.0
GSM1692164,0.15662489677974598,,
GSM1692165,-0.05404304705340959,Mars1,0.0
GSM1692166,-2.3335286399780184,Mars2,0.0
GSM1692167,0.8522751145827757,Mars2,0.0
GSM1692168,1.0458665567617513,Mars3,0.0
GSM1692169,-0.1671994749096719,Mars3,1.0
GSM1692170,-1.7277463082719058,Mars1,1.0
GSM1692171,-0.19867305641813512,,
GSM1692172,-0.7412715778159932,Mars4,0.0
GSM1692173,-0.20615808934545937,,
GSM1692174,-1.6486080458469135,Mars1,0.0
GSM1692175,1.2186535964230976,Mars3,1.0
GSM1692176,1.8419332173303353,,
GSM1692177,-0.8252130597093386,,
GSM1692178,-0.2016454377299624,,
GSM1692179,-0.9344923812085907,,
GSM1692180,-0.25720951934377995,,
GSM1692181,-1.7999071563210165,Mars1,0.0
GSM1692182,1.9568055463007819,Mars2,1.0
GSM1692183,0.9321519634034169,,
GSM1692184,-1.1203548881529093,Mars2,1.0
GSM1692185,0.5050434297378483,,
GSM1692186,-1.7844586787377494,Mars2,1.0
GSM1692187,-1.332012898425191,Mars2,0.0
GSM1692188,0.5591920309019818,Mars1,0.0
GSM1692189,-0.20148050603603476,,
GSM1692190,-0.34256134649935727,Mars1,1.0
GSM1692191,-0.907226486604431,Mars2,0.0
GSM1692192,-0.7612907085952771,Mars2,0.0
GSM1692193,1.635406505723823,Mars3,0.0
GSM1692194,-1.662156220234209,,
GSM1692195,-0.32611075302518705,,
GSM1692196,-1.33714175762381,Mars2,0.0
GSM1692197,2.4215983259496663,Mars3,0.0
GSM1692198,-1.1300640777444242,Mars2,0.0
GSM1692199,0.21526418504231315,Mars2,0.0
GSM1692200,0.16611957691410137,,
GSM1692201,-0.05182698222760676,Mars1,0.0
GSM1692202,1.1196194559453698,Mars3,0.0
GSM1692203,-0.0874360162919646,Mars2,0.0
GSM1692204,0.5605808789153857,Mars2,0.0
GSM1692205,-0.15385485570004867,Mars1,1.0
GSM1692206,0.5607881434844882,Mars3,0.0
GSM1692207,-1.7553642508954528,Mars1,0.0
GSM1692208,-0.8439327801847948,,
GSM1692209,1.5079889167243552,Mars3,1.0
GSM1692210,2.914322428806853,,
GSM1692211,0.4148295107113451,Mars3,1.0
GSM1692212,-1.1727858263955229,Mars2,0.0
GSM1692213,-1.287063763189553,Mars1,0.0
GSM1692214,-1.596162733565846,Mars1,1.0
GSM1692215,-1.555540281528221,,
GSM1692216,2.0296874755295797,Mars3,0.0
GSM1692217,-0.023804112392685844,Mars2,0.0
GSM1692218,-0.33401342823348135,,
GSM1692219,0.1817645698150452,,
GSM1692220,0.6194287142240814,,
GSM1692221,0.49645677167695357,Mars3,0.0
GSM1692222,0.2317711400588971,Mars3,0.0
GSM1692223,-1.0301823166314836,Mars2,1.0
GSM1692224,0.113168756669462,Mars2,1.0
GSM1692225,0.42555392064814274,Mars3,0.0
GSM1692226,-0.8458250943930761,Mars4,0.0
GSM1692227,0.15919116078289644,Mars3,0.0
GSM1692228,0.7157449813995638,Mars4,0.0
GSM1692229,-0.20047425752058776,,
GSM1692230,-0.37265354141059587,Mars1,0.0
GSM1692231,0.6483543028785401,,
GSM1692232,-1.8759241596390634,Mars2,0.0
GSM1692233,0.33039264194724194,,
GSM1692234,-1.8094920777800672,,
GSM1692235,-3.080672326342286,,
GSM1692237,-0.037723378966707605,,
GSM1692238,-2.684049514074709,Mars1,0.0
GSM1692239,-0.35403301134589205,,
GSM1692240,0.919740035077209,Mars2,0.0
GSM1692241,-0.7992032991057436,Mars2,1.0
GSM1692242,-0.3407308056819903,Mars3,0.0
GSM1692243,-1.4601927505263828,Mars2,0.0
GSM1692244,0.6764753339890859,Mars1,1.0
GSM1692245,1.0046636843804395,Mars3,0.0
GSM1692246,3.855237262122129,,
GSM1692247,1.3556216893738682,Mars3,0.0
GSM1692248,-0.17933540707816717,,
GSM1692249,-0.2552004781716797,,
GSM1692250,1.130948777314527,,
GSM1692251,-1.7650956670983706,Mars1,1.0
GSM1692252,-0.055395435098453155,,
GSM1692253,-0.2300278142819456,,
GSM1692254,-0.18563782761727518,,
GSM1692255,0.3846373043197737,Mars1,0.0
GSM1692256,-0.04030522397729949,,
GSM1692257,-0.23869514149658996,Mars2,0.0
GSM1692258,1.262742036498725,Mars1,0.0
GSM1692259,0.15133564761744625,Mars2,0.0
GSM1692260,-0.4261608554628139,Mars2,0.0
GSM1692261,-0.5717435976248518,Mars2,0.0
GSM1692262,0.019757962914079746,,
GSM1692263,0.17198275737648916,,
GSM1692264,0.5275261990918905,Mars2,1.0
GSM1692265,0.48090529978830177,,
GSM1692266,0.2111527303666281,Mars3,0.0
GSM1692267,0.6354892848583862,,
GSM1692268,0.9471858741974771,Mars2,1.0
GSM1692269,-0.5741885984702837,Mars4,0.0
GSM1692270,0.5156861428029772,,
GSM1692271,-0.5153349135704421,Mars1,1.0
GSM1692272,1.2325281838165225,Mars4,0.0
GSM1692273,-0.2650906737252701,,
GSM1692274,-0.2358676719685924,Mars1,0.0
GSM1692275,0.20536436850708775,,
GSM1692276,-1.4506077606851808,,
GSM1692277,0.9388041266243172,Mars1,0.0
GSM1692278,-1.0308259194924667,Mars2,0.0
GSM1692279,-0.5805051557493026,Mars3,1.0
GSM1692280,1.4886942319858718,,
GSM1692281,1.918652780861288,,
GSM1692282,2.736979607874649,,
GSM1692283,-0.11386180200769609,,
GSM1692284,-2.786336748156191,Mars2,0.0
GSM1692286,1.6254523343455571,Mars3,0.0
GSM1692287,-0.29400010099177726,,
GSM1692288,-1.6474511175171471,,
GSM1692289,-1.207951555617085,Mars2,0.0
GSM1692290,-0.01700248693321535,,
GSM1692291,0.2283893180906194,Mars3,0.0
GSM1692292,-0.6887677906750991,Mars3,1.0
GSM1692293,1.3118750307421252,,
GSM1692294,0.6951696199182289,Mars1,0.0
GSM1692295,-1.3529217940886984,,
GSM1692296,1.1173342771038806,Mars2,0.0
GSM1692297,0.874667750405576,,
GSM1692298,0.8283061353379141,Mars3,0.0
GSM1692299,-1.7672423586963004,Mars1,1.0
GSM1692300,1.3428039275917405,Mars3,0.0
GSM1692301,-1.8114315390128914,Mars1,0.0
GSM1692302,-0.9782599732881714,Mars2,0.0
GSM1692303,-0.4773857634016179,Mars2,0.0
GSM1692304,-1.0847792910657699,Mars2,0.0
GSM1692305,-1.4536807646744567,Mars1,0.0
GSM1692306,-1.495525614544168,,
GSM1692307,-0.3940187976109648,,
GSM1692308,-2.380261105644478,Mars2,0.0
GSM1692309,-0.763059474001345,Mars2,0.0
GSM1692310,-0.0641036437651751,,
GSM1692311,-0.045135301392412036,Mars3,1.0
GSM1692312,-2.4188123796696392,Mars1,1.0
GSM1692313,-0.9463932293441346,,
GSM1692314,-0.2295211950448168,,
GSM1692315,2.46798954835256,Mars3,0.0
GSM1692316,0.3330588933522014,Mars2,1.0
GSM1692317,0.32886724917872645,Mars3,0.0
GSM1692318,-0.5530238705395794,Mars2,1.0
GSM1692319,-0.7615934756858594,Mars2,0.0
GSM1692320,1.9901545058851886,,
GSM1692321,-1.578259958757901,,
GSM1692322,-0.916994365868788,Mars1,0.0
GSM1692323,0.7757844354369818,,
GSM1692324,0.3241926836709576,,
GSM1692326,0.081322482487477,Mars4,1.0
GSM1692327,-0.547121703302675,Mars4,0.0
GSM1692328,0.35484906729009535,,
GSM1692329,-2.838451063335962,Mars2,1.0
GSM1692330,0.3366256485488176,Mars1,0.0
GSM1692331,1.37969379016497,Mars4,1.0
GSM1692332,-2.5763481343297845,Mars2,0.0
GSM1692333,0.0583053752650865,,
GSM1692334,1.3949432573506928,,
GSM1692335,-1.6367769123082752,Mars1,0.0
GSM1692336,0.7112440266514497,Mars1,1.0
GSM1692337,-1.2076486130431314,Mars2,0.0
GSM1692338,1.7774925446348389,Mars3,0.0
GSM1692339,0.12755777096800766,,
GSM1692340,0.5866139225936444,Mars3,1.0
GSM1692341,-0.22438287170152013,,
GSM1692342,-0.5081158652646806,,
GSM1692343,-1.2754142022289878,Mars2,1.0
GSM1692344,0.5160133596949942,,
GSM1692345,1.7653002868612242,,
GSM1692346,0.647610676931765,,
GSM1692347,-1.1036068671042705,Mars1,0.0
GSM1692348,-0.38834478207671247,Mars1,0.0
GSM1692349,-0.2233605460075195,,
GSM1692350,-1.368005090464828,Mars1,1.0
GSM1692352,0.577822305167771,Mars3,1.0
GSM1692353,-0.9244390649559654,,
GSM1692354,-1.1569669805030365,,
GSM1692355,-0.1700855640408929,Mars3,0.0
GSM1692356,-0.23768112028122348,Mars2,0.0
GSM1692357,-1.3192224954423197,Mars2,0.0
GSM1692358,-0.44062339814313234,,
GSM1692359,-0.4347729442511592,,
GSM1692360,0.41848951890672487,Mars4,0.0
GSM1692361,-1.6847592657522623,Mars2,0.0
GSM1692362,-1.1356798526285432,Mars2,0.0
GSM1692363,-1.010081781348682,,
GSM1692364,-0.6365309730783069,Mars2,0.0
GSM1692365,-0.5358453146412435,,
GSM1692366,0.4748556604298237,Mars3,0.0
GSM1692367,0.3630234935443363,,
GSM1692368,-1.756747500284047,,
GSM1692369,-0.28808051192465306,Mars1,1.0
GSM1692370,-0.827833950038181,,
GSM1692371,-1.1308702643592405,,
GSM1692372,0.23808547586898424,,
GSM1692373,0.5794013018562627,Mars1,0.0
GSM1692374,-1.2020724498687687,Mars2,0.0
GSM1692375,-1.2020410351325828,Mars4,0.0
GSM1692376,-0.09080273105700207,Mars3,1.0
GSM1692377,0.6491765688389325,Mars3,1.0
GSM1692378,-0.5453321331680672,,
GSM1692379,-2.0948847803004678,Mars2,0.0
GSM1692380,0.5760172929130459,,
GSM1692381,-0.8534035674180431,Mars2,0.0
GSM1692382,-0.7093758788941676,,
GSM1692383,0.005123084953337463,,
GSM1692384,0.054575365569082185,Mars1,0.0
GSM1692385,-1.5542582408367633,,
GSM1692386,-0.7226516612211464,Mars2,0.0
GSM1692387,-1.4442689834504026,Mars1,1.0
GSM1692388,-1.758525987465778,Mars2,1.0
GSM1692389,2.82025074646499,Mars3,1.0
GSM1692390,2.1911728720608954,,
GSM1692391,-1.7365666964537276,Mars2,0.0
GSM1692392,0.9403987536586103,Mars3,0.0
GSM1692393,1.8721015169549027,Mars3,0.0
GSM1692394,0.32718297511020955,Mars1,1.0
GSM1692395,-0.11820354864766908,Mars1,0.0
GSM1692396,0.5770930681928291,,
GSM1692397,0.2493141194902889,Mars2,0.0
GSM1692398,-1.2420115816768424,,
GSM1692399,-0.7280964389425819,Mars1,0.0
GSM1692400,1.2132546138677045,Mars3,0.0
GSM1692402,-0.061971807762307124,,
GSM1692404,-0.5610787394119716,Mars2,0.0
GSM1692405,-0.027418019310691405,,
GSM1692406,1.315541448731654,Mars3,0.0
GSM1692407,1.4987541041801766,Mars3,0.0
GSM1692408,-0.04279941981606075,Mars2,0.0
GSM1692409,-1.53539562949911,,
GSM1692410,-0.5922739540065216,Mars1,0.0
GSM1692411,2.579651553034896,,
GSM1692412,-0.3848693643605051,Mars1,0.0
GSM1692413,-0.35204585149218226,Mars4,0.0
GSM1692414,0.72455142322848,Mars1,0.0
GSM1692415,0.07007105455380869,Mars2,0.0
GSM1692416,-1.4472277124658492,Mars1,0.0
GSM1692417,1.6754543334458374,Mars1,0.0
GSM1692418,1.5281488940762618,Mars4,0.0
GSM1692419,1.7801059469635814,,
GSM1692420,-0.29174445912138947,Mars3,0.0
GSM1692421,1.711121622081814,Mars4,0.0
GSM1692422,1.4010785400639907,Mars1,0.0
GSM1692423,1.7368309616596882,Mars3,0.0
GSM1692424,-0.8270260480490321,Mars2,0.0
GSM1692425,-1.0600820114484224,Mars4,0.0
GSM1692426,-0.37986436577894456,,
GSM1692427,-0.2919586346102086,Mars1,0.0
GSM1692428,-0.9257755415523515,Mars2,0.0
GSM1692429,0.3757400423584303,Mars1,0.0
GSM1692430,1.2201242364673353,Mars1,0.0
GSM1692431,0.2181581372629555,,
GSM1692432,0.7928778882184329,,
GSM1692433,1.8073295705447638,,
GSM1692434,-0.1611716710721672,,
GSM1692435,0.08916956599781503,,
GSM1692436,0.302713917615904,Mars3,0.0
GSM1692437,1.2416744042018455,Mars3,0.0
GSM1692438,-0.1381562674247561,Mars2,0.0
GSM1692439,0.6317797466385086,Mars3,0.0
GSM1692440,-0.16390550001644963,Mars2,0.0
GSM1692441,0.4164520473252507,Mars1,0.0
GSM1692442,0.9753725272801831,,
GSM1692443,-2.3372003054905712,Mars2,1.0
GSM1692444,-1.499165364010336,,
GSM1692445,-1.06600408186961,Mars2,0.0
GSM1692446,-1.0948637946581754,Mars1,0.0
GSM1692447,0.13906319396733427,,
GSM1692448,-2.053918699787696,Mars2,0.0
GSM1692449,-0.9056783560931072,,
GSM1692450,-0.11001043457019652,,
GSM1692451,0.9297858313283018,,
GSM1692452,0.3593813102318957,Mars1,0.0
GSM1692453,-1.9109836912046432,Mars1,0.0
GSM1692454,-0.2923144737361554,Mars2,1.0
GSM1692455,1.4641003503717605,Mars3,0.0
GSM1692456,-0.6204478387394275,,
GSM1692457,-0.5672248993378415,,
GSM1692458,-1.4598613501839417,Mars1,0.0
GSM1692459,-2.049227220505094,Mars1,1.0
GSM1692460,0.457390883337082,,
GSM1692461,-0.14455902519506872,Mars3,0.0
GSM1692462,0.34938066812819546,,
GSM1692463,-0.9549615508573334,,
GSM1692465,-1.9105342849432985,Mars2,0.0
GSM1692466,0.7820138698220418,Mars3,0.0
GSM1692467,-2.668177251773955,Mars2,1.0
GSM1692468,1.3981894816788463,,
GSM1692469,1.3835817311812468,,
GSM1692470,0.8648297800587772,,
GSM1692471,-1.5668509208322112,,
GSM1692472,0.23075082765122307,,
GSM1692473,0.5893515336722448,,
GSM1692474,-0.0021459746657378227,,
GSM1692475,1.0506791458836575,,
GSM1692476,-0.9268026992341324,,
GSM1692477,-0.6740885657355336,,
GSM1692478,-1.0111786938222942,Mars1,1.0
GSM1692479,1.4340191109376572,,
GSM1692480,0.4243101592440167,,
GSM1692481,0.7500293918718536,,
GSM1692482,-1.7745364418949594,Mars4,0.0
GSM1692483,0.08760523873586967,,
GSM1692484,-0.8859924423345851,Mars1,0.0
GSM1692485,-1.2947837065619205,,
GSM1692487,0.012481657187744992,,
GSM1692488,-1.3471494453914734,Mars3,0.0
GSM1692489,-1.0022401537900454,Mars3,0.0
GSM1692490,-1.7452036963414366,,
GSM1692491,0.884773373572637,Mars3,0.0
GSM1692492,2.061100253619874,Mars3,0.0
GSM1692493,0.5466463248235299,Mars2,0.0
GSM1692494,1.5122479945213658,Mars1,0.0
GSM1692495,-1.3725518832848083,,
GSM1692496,1.1961557801078306,,
GSM1692497,1.363064523777245,,
GSM1692498,1.4298513805547204,Mars1,0.0
GSM1692499,-1.9450413520320027,Mars2,0.0
GSM1692501,-0.3495408145208228,Mars3,0.0
GSM1692502,-0.12188759301988089,,
GSM1692503,0.4515135684687522,,
GSM1692504,-0.0599074503328364,,
