gene,degree
GATA1,78.39541176374331
CGB,76.12108320602982
DPM2,72.5886679445
EPB49,72.46173563602561
BCL2L1,71.91884002785977
CDC34,71.83777652029856
KRTAP5-2,69.16636632066374
ELOF1,68.4217082621535
FKBP8,67.55557348661605
C2orf24,65.76528968228165
FOXO4,64.88973496106533
FIS1,64.2610221303114
MAF1,63.81993136460021
DUX4,63.1041374602532
GMPR,63.08867700887689
HPS1,62.67920004700468
GLYATL1,62.263395556244205
BAT3,61.78619361252852
DES,61.01639848601957
FUNDC2,60.82592036054004
ANK1,60.68719691927283
FAM104A,60.62311363447033
DCAF12,60.464380990800265
HAGH,60.23358370288878
EIF2AK1,59.60829394499407
ADIPOR1,59.29824359200655
ASCC2,58.96984056523839
CR1L,58.82845703159449
C16orf59,58.282717854426785
HDGF,57.948057084913216
DNAJB2,57.496437886912915
C14orf45,57.05904974351987
C20orf108,55.83060266371461
LOC653562,55.32899427570939
GYPB,55.27369867091466
C22orf13,55.24239598340246
MKRN1,55.08981207485134
KRTAP10-8,55.025433198959675
ABCC13,54.79824385289801
BAG5,54.37333489024887
C22orf25,54.135338859415015
FECH,53.79021333814171
ERN2,53.55163283984513
IGF2BP2,53.4608621873423
CRIP3,53.23981401046392
CYP4A11,53.01107354060655
MPP1,52.87646653902319
BCAS1,52.767880393491424
GLRX5,52.1382183742986
IL17RC,51.98849993024659
HMBS,51.9193410948034
BNIP3L,51.848054977011316
EPB41,51.57121204831839
MBNL3,51.537688819870716
DPCD,51.51914600472558
EWSR1,51.47337931778753
FAM117A,51.19201127680188
KRT14P,50.97680377920008
GSPT1,50.942027817078156
EPB42,50.70653468799106
HNRNPR,50.6924088982782
C17orf39,50.661021008621454
EVPLL,49.89204841234678
FKBP1B,49.4174753046679
C19orf62,49.12323109591528
MXI1,49.05600423947135
MICAL2,48.95161904673575
ISCA1,48.461576921058764
LOC644006,48.16996745116474
IFIT1B,48.10033810875065
DCTD,48.06594060830898
LOC643008,47.934957079692246
CARM1,47.921291570150444
KIAA1012,47.776265650243346
AHSP,47.6990828471434
FBXO7,47.65617069388437
BOP1,47.597638713989255
KLF1,47.59683310918781
ARHGEF12,47.444079957948475
GPR146,47.41102863632804
BCMO1,47.40156518585176
KHDRBS1,47.34335942669921
GUK1,47.261317704807254
CNOT2,47.12055260268794
LRFN3,46.83625829312687
FBXO21,46.75434748424631
HERPUD2,46.288032116659075
ECSIT,46.223799784733174
BLVRB,46.1788734225708
C18orf10,46.10807705846594
EFCAB4A,46.05841065356229
C19orf22,46.01255396670321
FBXO11,45.94932410243774
FAM46C,45.735417328420496
LRCH4,45.70869707257659
LRRC47,45.60106349627573
MON2,45.32006396786715
ISM2,44.656653099206856
ANKRD9,44.63100121339029
FOXJ3,44.56334485794218
HRH3,44.38713857469398
ACSL6,44.20869045050105
HEMGN,44.12914291736281
KLRAQ1,44.102330915607624
BPGM,44.09568451875136
BAG1,43.84311400371935
CUL2,43.83787724150526
CHID1,43.665298945465985
DDX18,43.59611183716017
KIAA0892,43.29501837414102
MED25,43.23379175400043
CISD2,42.81524495870052
CNOT7,42.62979933827342
CIAO1,42.59674392005187
C1orf106,42.564484091311485
EIF2B1,42.54313285842355
CUL3,42.488058185194944
ARID4A,42.33168488932762
EIF3A,42.09289893954333
C8orf55,41.88309015506513
GPR6,41.768661763958185
MLL5,41.75128384959618
EIF3D,41.737961139586375
IRX5,41.66209279298501
GLUD1,41.649867525089235
KPNA7,41.58338870067099
CRNKL1,41.450912187316675
LHB,41.315917237867346
C4orf41,41.30257610969585
LOC339240,41.21234775060026
HNRNPA0,41.19566927388265
HNRNPA3,41.17789817580778
CENPM,41.08971713572771
IMMT,41.0726526510353
EIF3M,41.048454812057564
LCE1D,40.986377250567585
LRPPRC,40.97505953195959
AASDHPPT,40.971531339010596
LOC100132288,40.91921286424905
C19orf2,40.91479578063636
FNBP4,40.82341220255569
HSPA9,40.78795471130823
CKMT1B,40.72886032499187
GIT1,40.577439174493875
FAM103A1,40.567883163205174
MTP18,40.43984242510673
CUL1,40.388903789473346
MED6,40.222885985864956
KRT33A,40.15772806027001
JAZF1,40.116638672834725
ATP6V0C,40.05079738618261
HPS3,39.81977291215951
DHX16,39.80688066988586
KRT222,39.49902697598364
DDX47,39.340888748600655
AKT1S1,39.30821919124308
CCDC115,39.29030808398235
CRX,39.17878308176096
GLOD4,39.04737344724143
HNRNPA1,38.80749133191958
CPSF6,38.57189584279934
C1orf174,38.4990227528563
LCE1A,38.496403418860304
C1orf128,38.45663761147354
DKC1,38.36731192529298
AKNA,38.35586832654246
CHMP1B,38.301949431961106
LOX,38.2719360618535
C12orf41,38.236271121471454
HBD,38.18094168187973
EXOC1,38.09971959730436
C10orf137,38.083514138987596
LOC100131726,38.08017628503264
LOC100287042,37.92906823757092
IMP3,37.909620140311
LYL1,37.8586940632005
ERP44,37.79538725312638
CA1,37.66197117851076
CLK2,37.65566322369766
CCT4,37.56197499825134
GYPC,37.550677588510055
MED23,37.48692962640065
KIAA0947,37.44047634250924
EIF3F,37.437302383825454
GYPA,37.40940323598319
KCNQ2,37.20734902569608
CSDA,36.91120650165439
EIF3L,36.83506139787836
DOCK10,36.79609195166222
ANKRD17,36.79225054585867
MPHOSPH10,36.650410303921134
GLT8D1,36.57219704358607
FAM104B,36.51443915555348
LOC150776,36.47837954575955
CDC42EP1,36.44652235876428
FAM98B,36.30870277012146
ARAP1,36.305328455703474
KIAA0776,36.255202793180075
MDK,36.22156216100176
BCL10,36.16750039840159
LPIN1,36.06207721913236
METAP1,36.009133543868984
ATG12,35.958131318463494
ISG20L2,35.94579823050363
LAPTM5,35.92134850172896
LCK,35.7847055024814
C21orf59,35.64514477456733
ACP1,35.64154771822856
MXD4,35.62317722372305
ALDH5A1,35.53348659426959
BCLAF1,35.52226373127346
ATP5G2,35.504687542177535
HNRNPH1,35.49180971117529
CNTN2,35.390479420634485
FNBP1,35.38920800757739
LYN,35.19722325173441
EIF5B,35.146778994047274
HIC1,35.1212222093596
AFTPH,35.04485797240227
C16orf55,35.023732164543155
DYRK2,35.014634705029096
B4GALT3,34.97760189632512
DARC,34.957821855097485
LDHB,34.9432776638979
GIT2,34.916590665981325
LOC389901,34.90600891487409
IPO7,34.721722393088456
KANK2,34.641441076468574
KIAA0247,34.641216554122764
MAP2K7,34.594341399283465
EIF2C3,34.53460870040164
ERCC5,34.47729647326689
ARF6,34.38987527388703
GSG1L,34.33701439206291
LOC653269,34.278603622642734
MAP3K4,34.25731162457775
MRPS10,34.249629052838316
FAM91A1,34.241205066951935
AFF4,34.20495511225365
ARFGEF1,34.10357999837515
C1QL1,34.01171563469346
KRTAP12-4,33.9566538746642
METAP2,33.86563333136783
LOC100293124,33.86452183801666
LPXN,33.84224065982649
GORASP2,33.75086866658907
EED,33.62804601734303
HR,33.50126776730264
EXOSC10,33.42959294579274
CRYAB,33.40411951601703
AP2M1,33.37075733969867
IL17RA,33.30287204153571
ACAP2,33.299082806566425
C17orf95,33.1813234512933
FCN2,33.17387893545147
MAP2K3,33.13373828104322
CTNNAL1,33.12438943165428
DHX36,33.0574926451809
MSL2,33.03545616389069
ISCU,32.93056194693894
FZR1,32.90900950195906
LUC7L2,32.859676601936236
DNAJC14,32.844157853053545
DDX24,32.84193670564362
MRGPRF,32.7741304081019
CCDC76,32.75788769150401
H3F3B,32.683179388777525
DCP1A,32.65324151936029
EIF5A,32.60310731402902
DOCK8,32.53754123027435
GNB2L1,32.529437965020975
CYP1A2,32.492959539351915
ALAS2,32.48170123484488
CST4,32.41200478014317
CYB5B,32.393218708036855
ANKIB1,32.36957661771444
DCUN1D1,32.35193119107532
CTR9,32.34281086111141
BTN2A3,32.28946438377129
M6PR,32.24419601974398
HBQ1,32.17393042049575
MED1,32.10064532804701
DHX15,32.04740235909213
MEAF6,32.01219495294757
AK1,31.873587684073446
HEATR2,31.8309331065971
C10orf119,31.829847638229246
ISLR,31.78333743881105
KCTD18,31.782497475716976
HELZ,31.743655434148014
GTF2H1,31.732920669577474
CDC23,31.70451741632219
MOAP1,31.66558705416425
ITSN2,31.66072475674499
MTF2,31.653054374278362
DDX5,31.5883496435277
BSG,31.532408788030644
MGA,31.51636600256515
CCT8,31.384300978874236
ARHGAP26,31.349232212160224
GSK3A,31.316352133021468
FNIP1,31.240423612687266
KIAA2026,31.20932414224145
C11orf54,31.051018563965467
EIF4B,30.99702193516175
DUSP11,30.995606320920388
DLX4,30.96968601477114
GDAP2,30.959481952128968
CFLAR,30.94651606984757
GATAD1,30.944806780245642
ITCH,30.938220645768666
BCL11B,30.91917915918977
ANKHD1,30.798699010806633
FCHSD2,30.594886236016038
CCNI,30.55605786310105
LZTS1,30.435321871431498
COL11A2,30.431869541208066
ARID4B,30.39977554693393
KDM3B,30.32224500756219
HK1,30.292154378094942
HMHA1,30.190591699703862
GAR1,30.128949969019068
EYA2,30.10812780384765
HNRNPF,30.100439409622375
KRTAP10-12,30.021662821187746
C9orf78,30.01372495782602
DDOST,30.008190829499547
ESYT1,29.99288675662547
EVL,29.927157619361967
KRTAP10-3,29.91024483505987
HNRNPH2,29.89982261313115
CCDC109B,29.874045404889095
LYAR,29.867713928712817
MRPS30,29.835085320119717
MAP2K2,29.795826500902304
IMPDH2,29.79363804118165
KIAA0174,29.75001416001432
LAMP2,29.748918058753787
FIP1L1,29.73266474906641
ANKRD11,29.683561402443956
MAP1LC3C,29.66786571462129
ARL4C,29.665442520861703
CELF2,29.665419673368312
CTBS,29.66399886967015
ATIC,29.66026980498424
AKAP1,29.640835603870176
MTIF2,29.61673713081211
DHX33,29.48275759721821
ABCG2,29.457207726226997
FBLN2,29.389107267530804
FLI1,29.381236369556014
CYB5A,29.356605823407108
GLTSCR2,29.34773569044736
AHCYL1,29.337926771825877
C2orf68,29.32933662138393
BAT2L2,29.18590764243922
KLC3,29.153863053518144
CTCF,29.141028404112777
DDX19A,29.105815215262965
BRF1,29.089656726469002
GPR144,29.041152725376634
MDH1,29.019626872288704
C20orf201,28.99126255386917
CD81,28.93296504165756
GLUD2,28.931480754098093
HNRPDL,28.889861757573975
EIF2C4,28.88496333317984
ENOPH1,28.871998157902812
ATP5A1,28.754282559786198
FAM181B,28.741972822718022
CNN1,28.71723250477472
GPATCH8,28.67323096217249
GNAI3,28.60976830016511
CARD8,28.563998269780228
EPRS,28.55488213323636
KIAA1267,28.537285107253073
BOD1L,28.522055062437687
MBD4,28.43727083483037
ADM2,28.43073381246075
MOSPD2,28.38252105538735
C10orf54,28.381650045034505
AP2A1,28.379277777447797
HARS,28.357412021294664
MFAP1,28.331369555987397
FBXO38,28.29001025750516
FUBP3,28.27527426540003
IQSEC1,28.257800816733116
CNOT1,28.241479376092926
FBXO33,28.161347757278065
CHMP7,28.045762186182593
METTL13,28.027589243310302
ELF2,28.02692075128971
FOXO3,27.988920587771354
GTPBP8,27.939567773231676
ESYT2,27.931343223308858
KPNA3,27.901984523624108
BLMH,27.89110965509417
C1orf93,27.866872124136115
C11orf46,27.799913074108304
FRMD4A,27.79717779739594
KRT1,27.73451138559048
BTBD7,27.731649729963866
MPV17,27.64824517460402
GCLC,27.6029024943945
DPP8,27.59247178522584
GPR18,27.58063832902619
MRI1,27.52807646972324
DDX46,27.523070336010434
CBLL1,27.52080231673483
EIF2S3,27.5194828340467
CAP1,27.49168126715382
CUTA,27.483680410802044
ILF2,27.402820533231218
DLGAP4,27.38942765750406
DAZAP2,27.37843139050723
FBL,27.37095380386402
FPR1,27.35520322566198
GOSR1,27.31044477494608
IL23A,27.296645378821815
KRTAP10-11,27.2780310453418
COG5,27.27584368136363
FTSJ1,27.268776301610266
EMILIN3,27.13878919727437
MCOLN1,27.045640859136817
HTATSF1,27.019452354560027
HOXB9,26.99836504208664
MESP1,26.980453144463638
ADSL,26.972667946530805
DCAF6,26.963274278762906
EPHB3,26.79052630499377
IKBKB,26.75846058041897
FAM45A,26.75561262522486
FRYL,26.733258742360743
ARNTL,26.72065768180478
C4orf14,26.710832259396287
MTO1,26.710523424353635
C1RL,26.66210386213734
GRB2,26.639210379174266
LHPP,26.61321159023928
BPTF,26.541983363402217
HIAT1,26.540569362199854
LDOC1L,26.4825184276758
LEPROTL1,26.46285037935357
GNPTG,26.41408440722831
MLL,26.40735306481825
EHMT1,26.375106324106234
CIRH1A,26.36526253284287
GNPAT,26.267565956830758
MGC31957,26.253729534395738
IFRD2,26.206031714812184
CTBP1,26.19884982977428
KIAA1429,26.179292581014714
KEL,26.164405451094567
ABR,26.16131855329549
ERP29,26.139121103447657
MSI2,26.08994794692743
FTO,26.02738839521455
EXOC8,25.960620408525628
DOCK11,25.947858765064623
JMJD1C,25.880090269818634
ANP32A,25.830002967917306
GMIP,25.81663431226602
CD3D,25.808178442969698
KCNH2,25.79385278425956
HEPACAM2,25.758874060799606
GRIN1,25.667722166581655
ATP2A2,25.593701537785655
CNBP,25.584780485400227
ARPC2,25.55913018447707
C19orf29,25.541207712524546
C19orf77,25.51846352708879
C10orf28,25.518022561327342
CDH24,25.475086195332032
BRAF,25.455558942004473
KDM5A,25.402309118548192
ATG9A,25.308350218611913
INPP5K,25.252188986353204
MKLN1,25.25062411989032
HNRNPC,25.24008540489004
EFHD2,25.20235999676286
MLL3,25.193667811439248
FAM48A,25.14843165840186
HNRNPD,25.119384111938203
FAM162A,25.118497848718434
AP2S1,25.09412568437675
MOBKL2A,25.088692799909424
HBM,25.03371919210857
KTELC1,25.015774201771684
KLK6,25.01311286770136
IL10RB,25.011852396852312
ANKRD27,24.996612355160067
MPHOSPH8,24.90743626151793
CDC42SE1,24.849888218503594
EIF4H,24.80152422889749
CLIC2,24.79950083487532
DENND5A,24.76172605258413
CNPY2,24.747761333584855
EPC1,24.737530055746227
MBD2,24.618844837930244
AKAP11,24.60299748969923
ANKRD52,24.59941145241766
FBXL5,24.57844945131755
CENPT,24.573629180405604
ARHGEF18,24.564529513465654
COX6A2,24.53256635600002
MVD,24.490171058783993
FAM78A,24.487467970419793
CD46,24.47780718014264
FAM13B,24.462311089290793
FLJ44653,24.40144691196243
FAM35A,24.346448170993078
CD53,24.33900044613738
ASB8,24.311910601996875
EIF1AD,24.307644607008488
ICAM4,24.275086971798697
FAIM3,24.27245059251041
DCAF5,24.249748727613554
MPPED1,24.242672160942163
EXOSC8,24.235380118931285
FAM116A,24.15780199094283
GTF3C2,24.124593779034512
FAM65B,24.116825753146912
ETS1,24.11498569008068
KRI1,24.094210405667233
FAM32A,24.08888176232413
DSCR3,24.08823501130586
MIDN,24.0874552536101
MRFAP1L1,24.07893256506456
GALNT7,24.063383219733574
ITGA10,23.963969521147355
DPF1,23.959666466345535
DYNC1LI1,23.918735694435675
MBOAT7,23.91097978154898
LCP1,23.909343296727172
MAP4K5,23.908742979026364
CUL5,23.779809354457036
F2,23.766854706877428
APEX1,23.750248856300693
LOC286052,23.72989187106259
KIAA0100,23.711235699487432
GJC2,23.694996617662817
FURIN,23.69265038503255
KCNK4,23.657747067834592
AZGP1P1,23.64810586954119
FAM168B,23.636875511876863
FBXW11,23.622625136910866
IDH3B,23.603537763834513
CPSF3,23.53148472190714
CCT6A,23.510273615277303
FAF2,23.493040202604245
KCNIP2,23.448876773296355
IL6R,23.442541892473606
FAM100A,23.440053209767516
GIMAP5,23.405402991252068
C17orf67,23.36471628508948
AQP5,23.281693646060056
MAPK1IP1L,23.226459486462037
METTL14,23.22555375723103
KLHL24,23.187920937946338
CCNK,23.117252719700712
C7orf23,23.109469271291083
ENTPD8,23.108667968759146
CTDSPL2,23.09033509843653
ACTR2,23.052946949631245
ARHGAP25,23.021877027181958
AMHR2,23.021411804646227
LOC200030,23.002183489728466
ARHGAP17,22.993133808395584
ITK,22.982919278459256
HECTD1,22.966866197405317
LGALS3,22.95870995770462
CSK,22.90998497045482
JAG2,22.906273964792952
CCT7,22.883067527187624
CLDN19,22.8610976510155
ARHGEF37,22.834129968379127
IQGAP1,22.830030540864385
C6orf130,22.770363821349747
CCDC47,22.761636197647874
FAM69B,22.71685740923668
LEF1,22.705111699261295
FHL2,22.66366994031884
KIAA0907,22.661014322984244
MRPL34,22.65539362477903
BAIAP2L2,22.63851242048979
ATP6V1A,22.619997108185046
FADS2,22.600371692412324
MXD1,22.59645373454856
HCK,22.589744748366023
ACTL8,22.514868330917515
APH1A,22.50403717137878
CSNK1D,22.495345426191157
C1orf130,22.4547908092365
FAM49A,22.380012421857977
CD74,22.38000545360423
FAM10A4,22.34090225235308
GTPBP3,22.30651314020237
E2F3,22.306154524674426
AKAP8,22.255624043839774
LAPTM4A,22.25061324793687
DNAJC2,22.211700386236966
GPSM3,22.207125004338483
HARS2,22.186476761986746
ANP32B,22.165752274398272
KIAA1370,22.127617154784083
KIAA1543,22.121631391868892
CTAGE5,22.09437939334712
IFNAR1,22.085485647370334
CD2,22.07237556985027
MON1B,22.06984515584694
C14orf109,22.017097455842052
B4GALT2,22.003478266021105
ANKH,21.998203403900344
ARID3A,21.911054969258558
CEP192,21.88633579398455
COX5A,21.882439130960833
FAM129A,21.855198586835034
MCL1,21.844023475731774
FAM190B,21.84376493596539
CHCHD10,21.837895772812317
CD3G,21.83273077569784
ASB10,21.79567430710243
KDM2A,21.795504191554862
MYC,21.79104600511601
EVI2B,21.7520219452353
C12orf53,21.747864195278996
KIAA2018,21.73344769755859
KCTD6,21.660724069147836
INPP4A,21.62742308390782
CSNK1G3,21.59716188376326
FAM113B,21.595545219079384
ESPNL,21.594749235064544
ABCB7,21.577363137134025
IL2RB,21.57451417560756
GPR142,21.564636350201553
FBXL12,21.563958353643592
MRPL10,21.552747053076196
LLPH,21.54550505042316
KIAA0240,21.535781742588487
CADM3,21.518993982165405
FAM20B,21.50335680642904
ELOVL5,21.497894237311353
DHTKD1,21.478376530069568
IGF2R,21.47408687166361
CIZ1,21.427261735716804
BCL2L13,21.40421366439554
CDKN1B,21.403897189956112
GSK3B,21.401650386465256
C9orf109,21.377774172121377
CBL,21.377023953075934
HLA-DMA,21.359242678051018
HSD17B11,21.3347060133798
CNOT10,21.273286088359907
AQP9,21.26865502301972
DNAJC3,21.265623814280517
FAM133B,21.258576339209817
INTS10,21.243358935979572
MAP3K3,21.239416374433162
ATP11C,21.23132298638496
CD5,21.23113635078256
FBXW7,21.229263923990793
JAK1,21.22845033639497
AIDA,21.201817076224497
CTBP2,21.149684980655795
ANAPC7,21.122976595931668
HSPA4,21.097225911044376
DDX20,21.089732635133103
BASP1,21.054904717198077
DCLRE1C,21.04003248227842
IL32,21.02001091622717
ARHGAP15,21.01447936704796
DYRK3,20.94274698352185
BIN1,20.94091578863557
CXorf38,20.933771899385754
C14orf138,20.933323320749423
CCBL1,20.91983601358013
MAP3K2,20.904581602559123
MRGPRD,20.835169297559517
C15orf24,20.83484879634991
EMID1,20.793585288913924
KIDINS220,20.790435348502598
LRRFIP1,20.75325952109
MSL3,20.752860443042863
C20orf173,20.74439087840378
KIN,20.739860197537265
ATXN7,20.73651645251472
AP1G1,20.7268718629089
CCNL2,20.712165819697283
C7orf11,20.708505790907903
HOOK3,20.706133332053014
MAN2B2,20.70321871018163
MMP28,20.693968558894767
C11orf30,20.693648003003247
IWS1,20.69176778463298
MRC2,20.664734156448645
HMGXB4,20.647385464851332
CSF3R,20.605292896377637
CDK19,20.59487831903811
FAM126B,20.593327708870408
IL7R,20.577501647901958
FST,20.57666979699207
HNRNPH3,20.56554882788705
BRD8,20.56552511051349
ARHGAP1,20.54067582324182
GANAB,20.514411470221223
HSPB2,20.45193422663905
LOC653566,20.43049313794924
BTAF1,20.407524332079383
CAST,20.37784836908363
DNTTIP1,20.369043026865626
HLA-DRB1,20.36108471036429
GIMAP6,20.3426210341605
EP300,20.341541720375552
BRD7,20.335205645809857
BACH1,20.311787690187245
C9orf40,20.297392653027703
KIAA0196,20.2919286095159
CCDC55,20.248807052662805
LMBRD1,20.239221151179258
ESD,20.23888184428975
LPGAT1,20.21622301416419
C1orf77,20.205066204450276
CD247,20.19056260348915
LOC100128003,20.167109754283572
KIAA1432,20.12475135764202
ANXA11,20.077735417038504
AMFR,20.054394294859847
ABCC8,20.036036458306747
BAZ2B,20.034663196452883
MMP25,19.990791774478843
ACLY,19.979254378773764
DERL2,19.972954733518154
ASH1L,19.938546774855936
IRF2,19.915331812028175
CARS,19.90475413822923
LOC392288,19.902621145289046
IFNAR2,19.870290734289313
HLA-DPA1,19.839627048343953
LCP2,19.824438124311946
MAPK14,19.7687118733824
EIF4A1,19.765375078688294
CYBA,19.76338759172613
KLHL28,19.7134820061232
KDM4B,19.69912456977671
CLTA,19.676410166988532
LRRN4CL,19.673285254460783
MTMR10,19.66747926132725
C10orf46,19.661180062624823
ARHGAP27,19.635063250404578
C9orf80,19.605984854188936
LOC731602,19.601488211541678
C14orf106,19.58998864070721
ALDH9A1,19.540226346261257
FANCE,19.510679840798268
CXCR1,19.498875377466184
ATP5E,19.489112705038398
CEP350,19.475915324684042
ABHD3,19.473064143444198
KAT2B,19.469272516730925
MAGED1,19.449501191527492
CLTC,19.41986938053199
DNAJA4,19.391586452354872
CALML6,19.37580070974547
ITIH1,19.372101700736042
METT10D,19.344528498897084
APBB1IP,19.324366154538474
LBR,19.318727127202294
FFAR1,19.293845095821354
CDIPT,19.26970958733475
ENTPD1,19.269125883950647
GPR183,19.245455553128497
KLF13,19.17562670969251
ACTN1,19.126759673039377
MOSPD1,19.11626928557783
DYNC1H1,19.07026011055111
KLF6,19.059614532339634
CHST15,19.056369483010002
MEF2D,19.028601895835767
C6orf136,19.02599112517209
IGF1R,18.988669377766968
GLB1,18.957650478635642
FOSL2,18.94330886320364
ASTE1,18.930605744010677
KIAA0232,18.923796647067036
KDM4A,18.886486202671495
ARID1A,18.879559619897904
FAM120A,18.84100243488967
ATP6V0D1,18.78947450971905
HLA-DPB1,18.765629063945894
GPX1,18.743449257054436
ALOX5,18.730924845880274
CCNL1,18.706671443658045
CEBPB,18.70094315007355
ATXN1,18.681277185164582
COPS7A,18.663543711251407
C2orf29,18.661216211013276
EIF1B,18.566251028729088
CHPT1,18.55666048526011
MIR21,18.52345601267264
HNRNPU,18.510721599982535
KPNB1,18.50638752959098
HVCN1,18.493522421531054
GPR150,18.490280849115827
ACOX1,18.472123065904857
CS,18.439426393542824
MCTP2,18.438082480547443
KDM1B,18.407628403904624
AP3B1,18.40505810228222
CMAS,18.40392708691302
ELF1,18.403617428746273
C5AR1,18.402646596684583
ABHD2,18.401061409840015
CEPT1,18.398501944613578
LMO4,18.38152165523627
CASP4,18.373228194848746
HRNBP3,18.36907127952764
GIMAP7,18.338095105448538
CKLF,18.335606224157743
C2orf89,18.334140083267652
ATRX,18.316086684572145
GIMAP1,18.279206892730198
ACSL4,18.220286378462397
DHX8,18.212837468160398
GABRA3,18.179018300625664
CWC22,18.17526050538042
MAEA,18.1739790565829
DDX27,18.173315889829958
C13orf15,18.167979008645702
FYN,18.12517945079126
DNAJC7,18.11769503752477
FAM151A,18.110232099177068
LOC728622,18.08393333682146
LMAN2,18.076142571082404
EIF2B4,18.04488656214501
CREB1,18.007112574250453
BIRC6,17.993524785917497
GDF1,17.974518993727706
KIAA1109,17.915641988521337
KCNG2,17.909243084426123
EIF3B,17.908017211563468
INTS4,17.880319978821092
MEF2A,17.876276396359643
CSNK1G2,17.868266178274204
C3orf19,17.86189650468718
CDC42BPA,17.859503120825018
CDC42SE2,17.849303525462346
FCGR2A,17.798187859593632
CXCR2,17.797137752154804
MICALL2,17.78096267755868
C1orf38,17.772862567100198
CYTH1,17.748969862171492
BCAS2,17.747945212463346
FAM53C,17.738038169260854
HCLS1,17.720724456315683
CASP8,17.704934251763657
KLK3,17.66869402092787
C8orf40,17.666068063683888
ARHGEF3,17.661087333601674
C8orf41,17.642651472245745
DENND3,17.632100902387755
CCNDBP1,17.625802846665344
ENTPD4,17.621262856534422
ARHGAP30,17.558343263552537
ARF5,17.50500022516301
LRRC4,17.48565433693819
APH1B,17.4646368311496
ARCN1,17.462289335065144
KIAA1704,17.39955069158789
CREBBP,17.384419168373835
IL10RA,17.377260876354804
CRK,17.36079297628811
CCBL2,17.353146429238116
AQR,17.3187874875615
KIAA0040,17.31187421478181
LAMP1,17.30485748705592
DDB1,17.304506447051
GMPR2,17.293812532027008
LTB4R,17.25924714093949
LOC732160,17.224370397863495
MYBL2,17.222283124254925
MED26,17.18904521191268
DEF6,17.185302008947716
BTN3A3,17.13338365672093
DOM3Z,17.027442070412103
BTF3,16.989971087353148
FRAT2,16.97575835151816
GNB1,16.973890150622765
EFS,16.944942501992703
CARKD,16.931844265475192
C20orf134,16.929305119843885
GALR3,16.91443070091183
FAHD1,16.892099797825068
HEATR5B,16.866696127188312
CAMK2G,16.86664755682031
DOCK5,16.865017585585925
CR1,16.854488596110706
MVP,16.840985190572475
ATP6V1H,16.833369204188614
LITAF,16.82631040167086
ILKAP,16.823559348489063
FDX1,16.795672796021588
CPD,16.7812814429287
HHAT,16.781261738514655
KLRK1,16.781127844005095
GOLGA5,16.77880299080315
DDX21,16.775722970138816
CCS,16.757941737996653
CORO1A,16.75482944196899
MFSD2B,16.743195952892798
LOC100288142,16.695397957587154
LSP1,16.6219789946501
CLPP,16.576914695245165
COPS6,16.554299020408155
MGAM,16.48739405818307
LOC100287685,16.455485242827013
CBLB,16.454098014962266
BAT1,16.45126085811071
APRT,16.442409319770434
IARS2,16.435302311646772
ARID1B,16.41794745186
MAP7D1,16.410615733116884
GPATCH2,16.38118694855976
CTSO,16.368631648475972
C20orf112,16.32839877462377
LIMK2,16.327449061241886
HPS5,16.305567930331787
GZMM,16.286479993440853
GAP43,16.17865598453738
GLG1,16.176392614929636
GPR97,16.176233507968398
MED13L,16.1695287305643
ACIN1,16.131171031348046
DGAT2,16.12604681053
LATS2,16.089846555498273
C14orf101,16.08311645786599
FGFR1OP2,16.083100408331404
HLA-DMB,16.078928494698097
LOC100289574,16.074951235267914
C5orf4,16.06150054831801
DKFZp761E198,16.030204551579494
C1orf69,16.021384145527346
E2F2,16.008436077210337
C12orf10,16.003678141142046
C2orf28,15.951212571588055
CA2,15.945671684174847
FAM82B,15.935674901692355
ATM,15.919391004503773
ITPA,15.875271218078947
FLCN,15.849472051741165
CSRNP2,15.797439883370172
ATP5G3,15.772129485785236
CECR1,15.763012343407096
DHRS7,15.74423613040329
CPPED1,15.738653525101164
EOMES,15.724369089834733
CSF2RA,15.723385745931346
C16orf54,15.723079187318245
ARHGAP9,15.665125922457086
GPS2,15.663158777069215
CLK1,15.652565872202395
MAST3,15.634822648911985
LOC646517,15.622031427906446
CASP2,15.621099158619536
FAM117B,15.613881957696403
MGAT3,15.612809692720738
MAP3K1,15.60285514238704
DNAJC16,15.599632620920584
FEM1A,15.584879020298452
CDK7,15.580307767640388
C12orf5,15.57155781709617
CLN5,15.557066388432373
ASB3,15.535797692672997
GTF2F1,15.530238337926471
DCAF7,15.515142878515315
FUS,15.483238309151599
EFTUD2,15.45657007143847
LACTB,15.455341080323514
GNPTAB,15.44958681487172
MRPS23,15.44534644893714
MAP3K5,15.429907603273055
MFSD5,15.412571877898012
CBX7,15.407670054852879
LOC440248,15.328255679390065
GK,15.323042027180666
ETV6,15.312516609126757
ATF6,15.302479446464584
COPB1,15.300282504346118
DNAJC6,15.293622323869336
CXXC5,15.285440048982682
FNDC3B,15.257940117303484
KDM3A,15.255391163265136
CCDC84,15.205260259460223
FGD3,15.180635883545602
COTL1,15.16062120242777
C7orf30,15.155668984364441
ECE1,15.151627248051312
GRAMD1A,15.1338650946265
HSF4,15.130496172013821
MBOAT1,15.126133678935577
FAM8A1,15.086877817088961
FXYD5,15.07367069039114
JAGN1,15.058031169447837
ATP10D,15.051410520393343
C14orf139,15.049940008385402
MED11,15.04106124274624
LRRC33,15.021889452124741
MANBA,15.01354597649703
APOL3,14.880471762888318
CCNH,14.875001723940922
C3orf62,14.8650601808682
AATK,14.864705612141478
FAM163B,14.816026347435846
GAB2,14.77631396535369
MRPS2,14.770648292786255
DICER1,14.76954225598286
BICD2,14.719743677049916
DDX56,14.712069499676888
MCM3AP,14.699883806951009
LRRC8D,14.658174642359855
EIF2C1,14.641148987147817
GGPS1,14.60504149470159
MTMR4,14.5284994330034
ATP6V0B,14.52360639782674
HIGD2A,14.518338047154536
CNN2,14.505062226050168
CHMP4A,14.503799911375157
C12orf57,14.448778962822004
HIST2H2BF,14.434277316949128
EGLN1,14.395161502263136
IL4R,14.386496341349769
LRG1,14.364161004977175
ARL11,14.362866858156714
KIAA1143,14.348276042652557
GCC2,14.333097956343071
C6orf204,14.311871688266383
ACSL3,14.307874301536788
C5orf41,14.295842953297916
GABARAPL2,14.230294865265813
CTXN1,14.208762783540823
HNRNPL,14.192836412304604
FOXO1,14.189396807863796
DOHH,14.150146465154581
CHTF8,14.144147479224348
CLIP4,14.124786853987494
BANP,14.106233043312164
BTG1,14.099955084698689
CCNB1IP1,14.08654409856848
ANAPC13,14.079692609438307
MSL1,14.077716266784208
HDAC10,14.057877764464394
HIF1A,14.037931187642254
MDM4,14.030466888721374
CRTAP,14.008968036425776
B3GALT6,14.00398184809567
IRF8,13.988604524162033
FAM53B,13.982135281501535
H2AFY,13.980517261562754
KIAA1967,13.960722190556702
C19orf63,13.957640852652379
CREG1,13.945637979876928
CXorf26,13.91368096060296
IDS,13.903670464587632
CIB1,13.900998626693552
FPR2,13.892736353036199
GPATCH1,13.88846539174705
FAM83C,13.88792111683814
FYB,13.84343887675918
BUD13,13.840695108299345
DMXL2,13.838850057917583
EXOSC1,13.810768332421716
LRRK2,13.809544891637346
FAM58A,13.786373505898439
CDC27,13.781106533287282
ADAM8,13.780551742242416
MARK2,13.764068176005239
GNAI2,13.711893098228513
EML3,13.690144293465739
BBX,13.662635194653447
FAM192A,13.631813503558378
KLF10,13.625841590300668
LYST,13.595434994417158
C14orf43,13.593092749459608
MRPL33,13.565957129031043
IER2,13.51610231705494
GAK,13.500749560679765
CCDC28A,13.462721926755531
C19orf60,13.456853848178204
ARHGDIB,13.445509691065102
MEF2C,13.44185244977626
MAP4K4,13.430633146143904
C2orf82,13.39584371806527
ATP6V1B2,13.364310614958963
MLEC,13.353764483949698
CLP1,13.3404355351336
MICALCL,13.332280664383287
LMNA,13.279173322860256
IL13RA1,13.273789800544742
LOC90110,13.272529519472211
FGF3,13.207460508806697
GNA12,13.207401580593686
MSN,13.2054054838272
HLA-DQA1,13.20172567225459
LOC644762,13.170822617852856
CTSS,13.163017736506637
C6orf192,13.16063471440868
CDC123,13.152586658603617
CLEC7A,13.133827557890715
CDC14A,13.115946157530052
ARL4A,13.10428288269949
JARID2,13.089487666267512
CCND2,12.99337571981086
EPS8L2,12.967710281092808
CELF1,12.939678633668096
KLK2,12.935473872565463
MFHAS1,12.932884556094129
MITD1,12.915638387361309
EIF4ENIF1,12.911098944012046
DENND2D,12.87388944026101
DDI2,12.850109082493457
KIAA0368,12.84410927450195
ACO2,12.834772018089026
LRRC8A,12.83298752336015
FYCO1,12.830140991770985
MED31,12.81534093000594
LASS5,12.808769307443034
FAM43A,12.770369591413061
FAM174A,12.744480553608948
CDK5RAP3,12.72915819799624
DCAF11,12.718111106035591
ABCF3,12.706289346600096
CMTM5,12.681764322207803
BAZ2A,12.681094769618408
MANSC1,12.667009471896353
MGEA5,12.658577155305835
AHCTF1,12.656895094337315
CSTF2T,12.618069339980014
GYPE,12.599144433725224
HLA-E,12.587275480598553
LOC729678,12.557943143332007
LILRA2,12.515562329622544
ICA1,12.5101506456846
BRD2,12.495875852365415
BRI3,12.484769145568176
KLF3,12.426777428090327
INTS12,12.40548064852548
FITM1,12.37731519890226
AP2B1,12.357133377965782
CRAT,12.330831611111744
CYB5R3,12.315242426701202
MAF,12.301087554091072
CDK11A,12.217562783965189
GAS7,12.216909301047398
GGA3,12.214798515446153
GADD45A,12.205460871905682
HIST3H2BB,12.185717940499508
C2orf88,12.179351726358986
C11orf74,12.153096362855607
MAPK3,12.141552460702353
CCDC23,12.121700325520136
CDS2,12.108792232355123
GNS,12.107331931358805
IL27RA,12.10030606024794
LILRB2,12.087581978443591
ATP6AP1,12.071462417795745
CD8A,12.04050469310594
C4orf29,12.025556857626992
BCAM,12.023949419994732
C12orf35,12.004322960349292
DNTTIP2,11.989278759441799
ADA,11.979963081233887
ATP2B1,11.951482870537026
LOC100286937,11.949347402457942
CBX1,11.932473030504681
ASAP1,11.92620007171805
CDC42EP3,11.92511971662887
ENDOD1,11.911617048315797
BIN3,11.904640695913336
LRPAP1,11.874234683341854
LRMP,11.86710648194962
LOC441722,11.856040740063595
GP1BB,11.85540571663426
LPHN1,11.843875606599589
ITGA2B,11.794632302594758
FOXP1,11.792974811054322
GP9,11.774084225261667
LOC100294402,11.762932274133053
MICAL1,11.736314183744216
AHNAK,11.727334424360063
AIP,11.695661206497803
ABHD5,11.689135962291093
C6orf153,11.680713318207216
C18orf21,11.661259280952535
MTHFS,11.660048705301772
HLA-DRA,11.649755411855098
CEP63,11.640832087534733
AP1M1,11.611010733010962
DENND1B,11.605127336375075
CTDSPL,11.567854949449458
DPEP2,11.557167257955497
C9orf23,11.515643553677366
DDX41,11.45344512043254
FCRL3,11.44073752110681
MPEG1,11.439766862702594
C2orf42,11.428023772504556
KCNJ15,11.418849343367143
LIMD2,11.415689107797501
C6orf72,11.413417094551166
CUL4A,11.408678216542214
MAD1L1,11.399156040186396
FAM82A2,11.390381868943685
ACAP1,11.372773235877936
ITLN1,11.364063962266577
DCI,11.30582864218006
C5orf51,11.301457640254636
KIAA0146,11.300457513895058
MPPE1,11.294414583306542
ARAP3,11.289609751426553
ECD,11.284469597653501
CHD4,11.25536487165347
C9orf5,11.180825768559764
DAP,11.161824885188413
CD37,11.15964115577966
BIRC2,11.151592303343481
MOBKL1A,11.14316368303308
ATXN1L,11.116303275839769
C1orf56,11.099160579320877
IL16,11.095346803705496
LY75,11.063498205594518
MRPS31,11.044568561631753
CREB5,11.035671338789065
FLII,10.949857541593806
MARS,10.93170351532103
KIAA1539,10.881291683602925
CTTN,10.881026885218173
ARGLU1,10.86756018462438
DYNLL1,10.862328300545569
FAM96B,10.855274315328103
ITPRIP,10.845215295240731
LY6G6F,10.83293090398188
ITGB3,10.825991379543918
MED8,10.808831770686737
CYTSB,10.793670207344368
DHRS13,10.793124430893599
CYTH4,10.790322633892353
C17orf62,10.786392091695847
MAML3,10.759283213967613
C14orf4,10.757912050066489
CYTIP,10.757114131467716
C18orf25,10.704608699732251
C6orf25,10.693468559221149
ITGAL,10.673974833503728
LOC645954,10.672899439017918
KLRB1,10.663793112405543
HEXB,10.646961174331238
C7orf26,10.633496833692107
LEMD2,10.602029543956121
BRMS1,10.582880368355912
BTK,10.578231754060361
DIRC2,10.56465231894797
GTF2B,10.528891438294487
CCR7,10.52307368259655
APOBEC3C,10.50296472237644
FES,10.496534505810477
MTHFR,10.494777326657525
KLF2,10.438300129644915
ACAA2,10.414544653972882
CNPY3,10.40842422201801
IFI16,10.402743293416709
LMNB1,10.400415363484761
EIF4A3,10.387549572207197
AMY1A,10.364757977719721
MEFV,10.363462263708382
IRF1,10.358784109738457
LTBP1,10.334235905689322
CYB561D2,10.313290412703921
CMTM3,10.309807448995862
AAK1,10.293196325487099
KCNJ2,10.277979125227883
MGRN1,10.265539399611702
FHDC1,10.265289879207955
HAL,10.224134108455926
DDX58,10.201284845665462
CHRAC1,10.162688751331434
FBXO9,10.141392489963158
APLP2,10.140675273530523
HAMP,10.119207757055596
LRRN2,10.113494253432588
CPSF7,10.08494414435392
CALHM2,10.078709962952619
CUEDC2,10.075565917567888
MIA3,10.074074645721183
ARRDC3,10.048029202105496
CARS2,10.036532293818725
DOCK2,10.01020238493256
MYBL1,10.000007648362004
AP1G2,9.98674858248143
CCDC43,9.984625450076667
CIR1,9.983368447909935
ELF4,9.953367557820709
C13orf23,9.953132187832946
LOC728392,9.939732073947553
LRRC57,9.932886456002322
ALPL,9.918050590303482
FUT7,9.908491132591992
FGL2,9.877352062523979
DECR1,9.876551647668588
MRPL44,9.868554875398758
GDE1,9.862080475245996
ATG16L2,9.846827139335051
FAM185A,9.846812429307347
DCK,9.838593975331873
ANKRD13A,9.792290155867544
DUSP6,9.785323459362381
MTF1,9.719163033159433
DPYSL2,9.715181942244957
EMR2,9.703034158582728
AKAP13,9.69661703272639
C17orf76,9.685711541390923
ATG4B,9.679096330027992
LOC100131541,9.673989998163737
C19orf42,9.624862033330455
C15orf39,9.615840949126987
MIIP,9.61581022185057
AATF,9.599883620019448
CBWD2,9.593002780023417
EIF3J,9.58764125207914
ABCC4,9.581418752631661
FBXO2,9.579079003598798
FUNDC1,9.519110625136303
CAMKK2,9.517953606417876
MAML2,9.517482598276437
CCNY,9.500877089849677
GCAT,9.498665139508288
CRTC3,9.471864700492356
EIF3I,9.468263325451538
MALAT1,9.466497295821508
ANXA6,9.428475428212403
MGMT,9.416590117161807
ITGB2,9.394842716478953
ARG1,9.392398966955405
E2F1,9.383644599139696
CD44,9.383066151362367
GLTP,9.38133701930138
IFIT2,9.374138248139145
ATP1B3,9.35918448919043
BRD3,9.356626704039304
LOC100170939,9.345222580175745
IFFO1,9.329953659926144
KLHL18,9.322152993044746
CHST14,9.291515621119434
FOXN3,9.279493055839936
MARCKS,9.27934784313965
FAM178A,9.274316610219255
CSDE1,9.253715679263179
HPS6,9.245714602075127
CASP1,9.194077502467442
KLHL21,9.16550255497976
LSM2,9.161093213279646
CD82,9.133995633437365
GIMAP4,9.112572555721407
CFP,9.111698398180197
BRPF1,9.108176123230152
KLF4,9.090616623352425
CX3CR1,9.052960875760728
HDDC2,9.046605994503228
METTL9,9.037017153218473
DTX3L,8.972631663540673
LOC10431,8.954414928200897
CTDSP1,8.94721564107046
GMEB2,8.928661673524681
CPVL,8.923056968656063
DKFZP586I1420,8.895770042251968
KIAA0913,8.862621073006885
LOC728417,8.858321826640196
HERC5,8.85799171668738
ESAM,8.835456779750462
FGFBP2,8.828815772518858
FCGRT,8.824165036581501
C3orf39,8.800629826098499
DHRSX,8.762655169368937
GBP7,8.7447774143646
FBXO42,8.712501297430226
KLHL8,8.706128991339185
ARHGEF6,8.703088467281944
HKR1,8.695049295663047
C6orf47,8.68645779716595
C7orf41,8.655339663542268
IFIH1,8.640455960903765
FAM63A,8.636158864283116
FTSJ3,8.630799805465422
ANKRD44,8.625999654929288
MR1,8.625626702183858
CTRL,8.602472965288648
FRY,8.589706018244598
CTU2,8.579462441452655
KLRD1,8.574370077522458
CMBL,8.558317786293436
BRE,8.554477738446781
LPAR2,8.542032543886688
C3orf37,8.53808741462786
GBP1,8.534407355590682
CHKB,8.53325606558893
FAM63B,8.5272360875481
ELOVL7,8.516741090824498
FFAR2,8.51510664661323
ACP5,8.49275405658711
DNMT3A,8.492016846957522
ACBD3,8.466517650928996
FLJ10213,8.455312424056498
LPPR2,8.455120807924278
MGLL,8.441832723373663
C16orf53,8.422872086528471
F5,8.412573269172613
MED18,8.392082603034726
IFIT3,8.382076688463352
GPR171,8.381227535356842
GZMK,8.36384792338509
ALPK1,8.33175043247891
C1orf183,8.300223623940914
ERICH1,8.300152416316973
LYSMD2,8.29895410193
ADAR,8.294258713060175
CNOT6L,8.290205482653892
C14orf159,8.286468911228607
MAN2B1,8.279344714989204
ARID3B,8.274272666200226
C14orf118,8.267385232065566
FRAT1,8.257668070941179
LY86,8.251476305110236
MMP8,8.23033153076857
FKBP15,8.225466653788121
MX2,8.221601358239937
LCOR,8.196512813080435
ATP1B2,8.195881347452627
EHD3,8.15719526370247
MLKL,8.13268638520042
GP1BA,8.12232790402124
ARFGAP2,8.098936619874815
CD302,8.078024039418025
GOLGB1,8.07677032845978
ALKBH7,8.075724213144849
DLEU1,8.070012199693661
ANXA2P2,8.059229982960884
FAM157B,8.052465346852262
BET1L,8.050173580035155
GH2,8.020176418652174
EPSTI1,8.014798297892503
C19orf43,8.009508354470679
CYFIP2,7.979891526846566
DMAP1,7.974522528948013
MTMR1,7.9511244710772
KIF3B,7.95011904614754
ANPEP,7.937148833586905
GATAD2B,7.929817884752652
FAM83A,7.910485197161185
H1FX,7.885372680710744
AKAP10,7.876006016605434
MNT,7.867082548936674
GNLY,7.857833720259281
ASNA1,7.857478465982805
LOC100132247,7.834914647271322
DUSP1,7.830651057144349
AKT1,7.813706052804079
CD97,7.8122132573996526
GPR155,7.800822744011683
FHIT,7.7976848836516695
GLIPR1,7.7960255001712415
ITGB5,7.790219437185343
CD1D,7.701575207598196
EZR,7.686127738897078
LOC100133770,7.679424941280181
DDRGK1,7.677148207143802
CD99L2,7.673161305544619
CMIP,7.65535286308006
CLIC3,7.652617543410573
KDM5B,7.649152805348411
DENND1C,7.637559006440934
FOS,7.636801987556414
CDKL1,7.635492070705697
GRAP2,7.6198511656703465
CAPZB,7.612988674928646
GCC1,7.607011087881826
MAN2A1,7.592082121549801
MED19,7.582720648289612
GIMAP8,7.573512174411869
CRIP1,7.560132000625645
GLCCI1,7.545452935820359
LOC100132062,7.523172059448687
BMP2K,7.519095706331665
LGALS8,7.502570308877996
C1orf116,7.499760593034393
C3orf34,7.498069468548751
C20orf177,7.498008022448482
AGPAT9,7.466554762347542
MS4A1,7.44960792546504
CLK3,7.449061874347324
KLHL6,7.444008806851501
CABC1,7.434202659048317
GBP2,7.431834343278474
ARHGEF7,7.417253692922765
DDX60,7.401740039768793
MID1IP1,7.382101093723874
DDX17,7.350472776932607
GDPD5,7.346809028111913
CDK8,7.342422525653147
ALOX12,7.335361239448908
HLA-DRB3,7.309728285344447
DGAT1,7.303044590700043
KRT10,7.2987655573563845
C7orf59,7.297184050628364
FAM71D,7.286294691027312
AUTS2,7.27957004478654
ATF7IP,7.2740021732523985
APOB48R,7.2338913291241225
CD300LF,7.230957048369309
FCGR3A,7.165476134661617
ANXA2,7.155468176892432
ABCB10,7.153084531709599
MAK,7.146895927181892
FLJ36031,7.141178144849755
APOL6,7.138935943197115
C17orf56,7.094766819356566
GBP5,7.093453532098994
KCTD12,7.071817648837985
LOC440459,7.070396237586096
CXCR4,7.065287129131329
GP6,7.002651158650041
CCDC88B,6.994774974479766
BTN3A1,6.991777711162074
KIAA0831,6.985865543768801
KLF11,6.927877956626917
IFIT1,6.9179170129277185
IFI6,6.9155295114639745
ARNT,6.900907980519344
FAM160A2,6.899613215785306
DTX2,6.89783349159876
CTSE,6.8797048736068955
FCGR1B,6.8426072553626955
KREMEN1,6.834327323078524
GALNS,6.821880220445619
AHI1,6.780541963175817
ANXA5,6.756612344722184
CTSC,6.747858349923358
HP,6.727171191563759
CST3,6.725844356326787
EGLN2,6.696490377078326
HLA-F,6.692781552921629
KIAA1731,6.6841037885592485
LNX2,6.661955853942992
IRF7,6.659349190624998
DHX34,6.613568068805224
LRRC8C,6.601673875451487
IRF9,6.588176246922404
IQGAP2,6.5707540682938514
ELOVL6,6.552916121919271
ASCC1,6.5487646808725035
MAP3K11,6.544666127036157
GNG11,6.537130431182121
MBOAT2,6.521980234091801
CBX6,6.4920025462564865
GNB4,6.488078192965508
AMICA1,6.486590677540509
CD2BP2,6.484777929358312
C15orf37,6.45920858688262
EHBP1L1,6.449729468537531
APOBEC3A,6.448988936705657
KIAA2013,6.417810996277348
LRRN3,6.417528511058742
EBPL,6.415143306767396
CLASP1,6.41382754611106
EIF6,6.403509384463909
GPR108,6.403436622334189
C20orf194,6.402274515314408
ANKFY1,6.387723838144039
LOC645166,6.375972228076874
MME,6.372563472725281
C1orf59,6.369316662164217
ERGIC1,6.36743750493641
IRS2,6.362435029524132
MX1,6.347171058356482
MMRN1,6.340848541033727
ALAD,6.307114202574219
CARD9,6.306804000761554
MTSS1,6.2970069646653295
HSPBAP1,6.227514000252652
LTB,6.190889366402724
EZH1,6.190645329836339
BACE2,6.187336167241291
BTN3A2,6.185676202077766
EMILIN2,6.152506628272295
BRP44,6.14940254614014
HBE1,6.144211396531497
CHST11,6.138716134874698
EMR3,6.124426201216082
ACRBP,6.120654811001045
DHX58,6.091865312240811
GZMH,6.0812538212781
C19orf54,6.076868595255429
HSH2D,6.0671165141190535
KIAA0226,6.0468695532941155
LCN2,6.033774006417621
HM13,5.999529492431877
IGLV8-61,5.958753173756713
MRVI1,5.952184733286722
ADPRHL2,5.940163433581791
FHOD1,5.934980803062824
CTDP1,5.931076729197999
HES6,5.929751734423328
CPEB3,5.91860102096218
ACSL5,5.903592825611683
MPL,5.903129345860675
LONP2,5.8772555813444605
DDA1,5.870448305318881
CHD1,5.86230827214443
MBD6,5.853204286228917
FTSJD2,5.851039496330886
DAPP1,5.841764144342499
GPX4,5.837109592232482
GIMAP2,5.836646586181914
HSPA6,5.818105597824769
IFI30,5.80497787615643
DHRS3,5.756069406257586
FUCA2,5.73760011557222
C1orf162,5.726038221499965
BAX,5.712214745794436
BID,5.708580614503113
LPCAT1,5.704175776166039
DIP2B,5.703859658433098
IGSF6,5.680580460331672
CXorf21,5.667006716507759
LRRC2,5.656386670169059
AQP1,5.6288105966526505
MAP1LC3B,5.627962794663949
F11R,5.600314044118006
HCST,5.5568420768928455
MLF2,5.545547134423103
F13A1,5.534187327567921
EXT1,5.526714185212567
DNAJB4,5.507696188276636
C11orf58,5.483035715035687
ATG4D,5.474653869855185
GNE,5.4686435886919496
CALD1,5.4421708472757455
ALAS1,5.4391123958992225
GNAZ,5.414661055293874
ATP2B4,5.396463871264871
GUCY1B3,5.37888255188328
C12orf62,5.374562348605527
HBS1L,5.366711841510178
HCP5,5.358850964481736
C12orf29,5.352201297729778
ERMAP,5.349003692463751
ESRRA,5.3398846734018965
AOAH,5.29673418179188
ABL2,5.2536515715191285
DISC1,5.251894709344878
CLEC1B,5.245893337455641
FCGR1A,5.237653165553005
ELL,5.231179500202446
HECTD3,5.22481762732745
EIF4EBP1,5.216396067437485
GGT1,5.214186796446618
AQP10,5.197218870953528
MAD2L2,5.195796465501485
FCER1A,5.181446639168494
DUSP18,5.166637758518098
GPR27,5.163381570966095
FHL1,5.115387875184677
MRPL54,5.108535843333181
CARD16,5.093780835458714
FSTL1,5.079161542641138
ACSM3,5.074716623511453
LILRA1,5.062116909139787
ABI3,5.0542766558230525
CEACAM4,5.0356318548270895
IGF2,5.01657276073608
CCR2,5.013193818630082
CD300A,5.010734343805867
ARSD,5.001738023495581
CLCN3,4.976258370094926
CARHSP1,4.969610728687099
MAT2B,4.969288465478158
ARID5B,4.953304785393685
LTBP2,4.92210098084797
MINPP1,4.910811515160051
IL2RG,4.9026075101519435
ELL2,4.873409407023656
LMF2,4.866425291683642
KIAA1530,4.8592935040856435
KIAA0754,4.843079331392081
GAA,4.807868659782197
AHR,4.778742712225482
ANKHD1-EIF4EBP3,4.77303324287525
ADAM17,4.765577736714837
CCNT1,4.746006066296449
GZMB,4.732893970149531
MED12,4.726715053473732
LAPTM4B,4.691125354676872
CD2AP,4.6856124637803465
ACOT9,4.681144425107648
C6orf62,4.671915115187818
ELANE,4.646159089321019
CBFA2T3,4.6440842210490105
LOC100128751,4.631973051153035
LAIR1,4.619165006691976
ITPK1,4.6177017939294736
ARG2,4.593194473704163
ABCB6,4.563407494762871
CDKN2C,4.541096509536193
IFI35,4.538323454365335
CYSLTR1,4.533256504384178
ARRB1,4.5232403891015736
CHD7,4.5156126072338925
COPS3,4.493578882328352
CHD8,4.490940451896981
CPOX,4.4830913260242005
CEACAM8,4.472764738185402
MPO,4.440907936081089
CMTM7,4.435029387862587
MAL,4.42355703976803
CLU,4.4137204156310474
LAP3,4.397816342199773
COPS2,4.370437689739128
GPR77,4.349080056611449
GUSB,4.342338259718742
ARL6IP1,4.33551194688867
ITSN1,4.332115508454793
HSPA1L,4.311752240596428
DBNDD2,4.291936203814208
LTF,4.290250611367609
CEACAM6,4.290164708103254
MTMR11,4.256752001476682
CXCR5,4.252635600367086
FAM193B,4.234990716990648
FAM127A,4.226048058518382
HIST1H2BC,4.216605399750458
FLJ10357,4.215157542087079
EHD4,4.193153563385707
C7orf47,4.188166721520525
MS4A3,4.184637905664575
APOL2,4.169934740574628
LPAR6,4.163897845275329
CCDC71,4.153811418318041
ECHDC3,4.135617638278026
FAM198B,4.0940571291798795
GFI1B,4.073244127131824
ASPRV1,4.07236274890756
APOBEC3G,4.048326336882617
KCNQ1,4.042922634839876
CD24,4.035978968085909
CYP1B1,4.034590002704753
HS3ST3B1,4.006886257141547
CD93,3.981274719081161
BPI,3.9807405782347756
DHRS12,3.974735698461444
CTSG,3.971406763724154
C1orf217,3.95552441875901
DTNBP1,3.9536657614110853
ATP6V1D,3.952270629602838
IFT52,3.943556936670586
LTBR,3.9372421305196417
GPR109A,3.903845197922057
FBXO6,3.8991686997232464
CXCL16,3.8937457832612417
GCNT2,3.880166608791006
CD14,3.875311664211659
CMPK2,3.87229019831446
CEBPA,3.861615748152546
ENTPD5,3.8560788420073884
CAMK1D,3.84322715828611
FBXL4,3.8304077129746936
GAB3,3.8070891293962483
CCR3,3.806202783197582
EIF2AK2,3.78926323046606
KRT23,3.787561168002733
IL15,3.762242778419334
FCGR3B,3.7481357732070477
CASS4,3.7458858536806936
FAH,3.7410969506632004
COL17A1,3.7343877593896018
CTSZ,3.7157670600725003
MAPKAPK3,3.6981870924910076
HLX,3.694762858444575
DEFA4,3.677759020070897
C13orf18,3.6454864439192805
DCAF10,3.6219787290284406
CCR1,3.6092868960671582
C4orf48,3.6043786139688354
CAMKK1,3.6036051826878257
CD68,3.5776359945350076
CHST7,3.5440926532947676
CPT2,3.5406816826777483
ASPHD2,3.534518767601357
HBG1,3.5225965000600246
C20orf199,3.508804055766734
DNAJC1,3.498396979222874
HUWE1,3.495794764388222
DEFA1,3.474186268006791
ADAP2,3.47383578957498
CDK5R1,3.472273987347072
C19orf39,3.420639489789164
MLL4,3.4164376404301926
HEXIM1,3.4162353727660832
DGKD,3.3920931232204747
CMTM2,3.389000064132018
LST1,3.374888185382079
COPG,3.3667403183851436
ATP1A1,3.3527510685555093
HERC6,3.334939911252365
CD48,3.3280721605216916
ANKZF1,3.314715821081463
ASH2L,3.2969321627208155
MMD,3.2937399070710716
CLEC10A,3.2847099075930752
CIDEB,3.2820950421465938
BTG2,3.2806877843556213
C20orf69,3.1927526724265025
BLVRA,3.177404775277209
C7orf44,3.1632237845345466
KIAA1191,3.1424168283952034
IPCEF1,3.1343232935127894
ADCK4,3.13331443419155
ABCG1,3.130435597738324
MS4A7,3.1267677988827787
LIPN,3.120059752394736
FAM46A,3.1136056373953442
FKSG43,3.0855803904515087
CACNA2D3,3.0762114698260694
HIVEP2,3.074688863527559
C16orf68,3.058530700162767
GHITM,3.0465593431553453
CLDN5,3.0442207274930295
ATP8B4,3.042073005874161
CASP5,3.010245641062319
ITPKC,2.9974402187931455
BST2,2.9937625114144426
ARRDC2,2.9892791742759575
KIAA0319L,2.9862370403590237
GK5,2.973888408787077
C6orf226,2.966530367994993
HEBP1,2.958809359516247
EMP3,2.9560056153802696
GOLGA6L4,2.9221342369079704
C15orf29,2.8340691027712888
LPP,2.809273745475487
FDFT1,2.773946518820069
LILRB1,2.7514088477982765
C14orf102,2.7499003480750597
DNM3,2.738265632369961
MAFB,2.7071985212265606
COX7C,2.6421934940595317
KIAA0101,2.6259083362392683
C20orf11,2.6118840504165393
IFI27L1,2.5937516104315694
ATP13A5,2.575359134088915
IL1RN,2.5720992003672256
ARSG,2.566361549932548
C1orf124,2.562148175512789
HRSP12,2.5570465266983446
MAN1A1,2.5202479824196384
CITED2,2.5183090176742136
AURKB,2.515074994814367
KLRC1,2.514384324618173
MGST3,2.5080392840454673
LRRC37A,2.4977963976696436
ITPRIPL2,2.4786102840214936
CCNF,2.461931653452317
LOC441155,2.460330764441711
FBP1,2.4308361913077463
ABCA7,2.420073990864547
GFOD2,2.398993798075581
C21orf57,2.367480991823438
C18orf8,2.360723797014228
CRIPAK,2.3564683593814726
DUSP23,2.342746569744855
C1orf26,2.3231979972570223
CEBPE,2.3180039157553063
DHRS1,2.3145401238034924
CD40,2.289833893038548
HNRNPUL2,2.28892638649177
FNIP2,2.260146436491505
HIST3H2A,2.2421704960343884
DHX29,2.21995370663463
ASMTL,2.1701444957469223
CLEC4A,2.160092518574367
EXOC3,2.1540019324893493
HIST1H3H,2.122908205416828
BEX1,2.1102212032218746
CCDC72,2.1008674257852213
CCDC90A,2.0949605613742195
CCL4,2.0811393568752865
MGST2,2.07749474527479
BEND2,2.0770293117075527
CCNB2,2.076437935209298
ABCA1,2.063276155370583
MFAP3L,2.0576097670513303
IFI27,2.0543533458387717
FAM110A,2.0148093406463476
ABAT,1.982668519141881
LPIN2,1.978757264743641
LTA4H,1.9679185354948168
CDKN1C,1.966397837053603
ISG20,1.965250820957728
HIST1H1C,1.9534813734038954
CTNNA1,1.9506770168013103
FRMD4B,1.9410389858495136
COX7B,1.9182917073724197
AIF1,1.9126879609431904
C20orf94,1.9118235693277468
ALDH2,1.875914633410069
CD226,1.8741018473061672
HBZ,1.8566416958583907
CTSB,1.838570773240888
METRNL,1.8111487592718953
C11orf75,1.8012889168702413
LOC100128868,1.794737040634442
ERAP2,1.7919172565130301
CKS2,1.7590115728562425
CDR2,1.7578881788397838
LOC339803,1.7318943837691831
CETN2,1.7113821125199034
CD163,1.697248464721732
ACP6,1.6830154047597845
FAM134B,1.6316463021998415
C12orf39,1.6122852270146022
FICD,1.6029716471927067
HAVCR2,1.5889111886144607
HIST1H4C,1.58339402604345
LOC652797,1.5763955621495367
AIM2,1.5548624091071992
IL1B,1.5464104563258967
FAM134A,1.5442891180405822
CD9,1.5389393227241235
METTL7A,1.5123910730019914
CYP4F3,1.4842259495533365
ICAM1,1.4592063193181413
CHURC1,1.4278428235437715
CHIT1,1.385995591510428
C14orf153,1.38047353249542
KLF9,1.371574333513645
C19orf33,1.3697517856171517
EIF2C2,1.3611967051951215
KIAA1324,1.2449521989628258
HMBOX1,1.2148090727219527
FCGR2B,1.2049302650211569
LGALS2,1.1636386421480904
CHKB-CPT1B,1.1603524732121415
FRMD3,1.1398554943304797
KIAA1377,1.1353632930615325
CYP27A1,1.1298801744711544
LOC643332,1.1278571512038191
FTH1,1.1117958376854462
CYBRD1,1.1085826892294504
CRISP3,1.098927150071526
CACNA1A,1.0844912027117368
C17orf91,1.075661690040545
DGKQ,1.0651925797698474
CRYM,1.0646158972030482
LOC154761,1.0560185465676568
IQCE,1.0082780761052037
HSPB1,0.9594457384311645
C1orf85,0.9460818783367466
CFD,0.9348189325558709
HMOX1,0.9197526661563172
FCN1,0.9160069788487235
DNMBP,0.8962021594238675
MAOA,0.8722164036837088
CXorf65,0.8699310318215789
ANKRD20A5,0.8410933074094081
KLHDC8B,0.8343286190913827
MT2A,0.8335680981869411
CLIC4,0.8244839519170781
C4A,0.8079861248908602
C12orf75,0.767417413330532
HSPA1B,0.752767751983336
DEFT1P,0.7411177388299941
DTX4,0.7318223511661147
MOBKL2B,0.7081300906453029
FKBP4,0.6988172197263116
CXADR,0.6336075414982676
MLH3,0.5985352010244209
GALNT10,0.5963078294153947
ERMN,0.5898569037698437
C1QA,0.5102023607428836
MARCO,0.45680064032235923
LOC100289169,0.4528882088823241
IGHG1,0.3940659764338531
IGJ,0.3593774071760569
AKR1C3,0.34461595742609336
GFOD1,0.29774263286362906
MT1G,0.2943984931618605
CHI3L1,0.2552684076215401
CES1,0.23009541260118221
FOLR3,0.22374683956495092
GGTA1,0.16819108159452334
KIR2DL4,0.1665155910258475
CRISP2,0.1406768481833066
EIF1AY,0.1333493982976185
LILRA3,0.07925070456737662
HLA-DRB5,0.029782001653600995
