gene,module
RPS4Y1,17
MMP8,2494
OLFM4,632
IFI27,555
CD177,2539
HLA-DRB4,3647
IFIT1,485
DEFA4,694
APOBEC3B,3644
EIF1AY,20
LCN2,625
MS4A3,698
GPR84,2517
TUBB2A,3556
EPSTI1,485
PI3,37
IFIT3,485
IFIT1B,2011
KRT1,2011
RETN,2496
IGHG3,346
RSAD2,485
CEACAM8,629
LTF,627
HP,2497
ZDHHC19,2477
MX1,485
BPGM,2011
OLAH,589
XIST,17
RNF182,581
CTSG,696
BPI,628
GZMH,2738
CD24,630
ELANE,696
CHI3L1,3583
ARG1,2552
HPGD,2577
GBP1,482
IFI6,485
TCN1,626
IFIT2,482
RAP1GAP,2037
OAS3,485
HBG1,3427
IGJ,350
IFI44,485
CLC,3619
CLEC4D,1593
ISG15,485
GBP5,482
CD163,592
OASL,490
GPR109A,424
IGH@,346
CFD,3543
SELENBP1,2011
DDX60,485
DAAM2,590
HBD,2011
HLA-DRB5,33
AHSP,2011
IFI44L,485
CRISP3,417
DHRS9,2493
MGC29506,347
HEMGN,2011
HERC5,485
EPB42,2011
GZMB,2740
CA2,2099
SULF2,1155
PLEK2,2011
SMPDL3A,1607
IFIH1,482
SIRPB1,3655
KLF1,2011
RNASE3,700
C4A,3533
GZMK,2731
IDI1,1612
FAM46C,2011
ZBTB16,583
CMPK2,485
SLC4A1,2011
P2RY14,509
C19orf59,2538
ABCC13,2011
IL1R2,2550
MPO,696
CPVL,2668
ANKRD22,2520
VSIG4,95
SNCA,2011
CAMP,12
KRT23,1169
CEACAM1,2517
XAF1,485
BCL2A1,1593
FOLR3,3547
OLR1,705
TRBC1,2861
TMEM158,2085
ALAS2,2011
CCL4,733
SESN3,2011
B3GNT5,1612
SLC14A1,2011
CCR7,2788
CX3CR1,3071
TARP,2752
EMR3,1156
C9orf103,2475
METTL7B,863
CCNA1,892
CHIT1,633
YOD1,2092
SAMSN1,1612
GMPR,2011
HES6,2166
CES1,3622
TRIM58,2011
CLEC12A,3571
CA1,2011
POU2AF1,357
ANKRD34B,880
TREML1,189
CISD2,2011
ECHDC3,2222
TDRD9,2476
OAS1,485
STRADB,2011
GADD45A,2551
ORM1,68
CDK5RAP2,2600
PCOLCE2,882
FCER1A,3097
SERPING1,479
IL7R,2861
EXOSC4,2538
TSPAN5,2011
ANK1,2011
SLPI,38
C1orf128,2011
RGL4,2538
LOC653562,2011
LGALS2,3452
IL18R1,2530
C6orf25,189
LOC100287723,347
FECH,2011
BMX,2529
RARRES3,462
GNLY,2734
PDZK1IP1,2113
IGF2BP2,2011
RBP7,1160
IL2RB,2861
BCL11B,2861
CD2,2861
TMEM176B,8
PVRIG,2861
IGHA1,348
LOC643332,150
EMR1,2588
GLRX5,2011
GZMA,2732
KLHL2,1689
TFF3,415
ATP9A,2541
ABCA1,143
CCR3,3173
AIM2,131
CLEC1B,221
HAL,1065
S1PR1,1868
GPR146,2011
PRDX2,2011
ITK,2861
C1QB,56
FGFBP2,2733
GYPB,2011
PTGER4,1419
SIAH2,2011
WFDC1,263
ANXA3,2538
CSGALNACT2,1612
COX7B,3232
C5orf30,587
ISCA1,2011
ATP8B4,635
PFKFB2,1612
VNN1,2553
PGLYRP1,2241
CYP1B1,2621
HLA-DRB3,3102
CA4,2538
MMP9,2556
TGFBI,2666
DPEP2,1124
TFRC,978
GPR171,2729
TMEM176A,9
IDO1,523
CECR1,2669
CD3G,2861
COL17A1,631
PRF1,2733
LY6E,486
ANKRD55,907
KLRB1,2749
IGHM,358
MYL4,2011
March 8,2011
UGCG,2518
ORM2,69
CASP5,438
TREM1,1141
GRB10,2575
C13orf15,2067
STOM,2495
RTP4,485
BTNL3,3638
SAMD9L,484
RNASE2,150
NRGN,189
HBQ1,2012
CD3D,2861
GYPA,2011
TACSTD2,709
DDX3Y,17
TLR5,2488
DDX58,482
MS4A1,2702
LY96,3192
MAK,944
GYG1,2538
ALPL,2401
RPIA,2011
RNASE6,2686
ZNF117,1734
IRX5,2010
VWCE,2124
G0S2,409
ERAP2,3409
LY75,1889
CMTM5,189
HLA-DMA,2833
TSTA3,2011
DPCD,2011
RHCE,2011
PF4V1,216
TPST1,591
ZNF354A,1828
LOC100291682,355
GGT1,2584
ACSL6,2011
C19orf77,2043
LY86,2674
ABCG2,2003
HLA-DRB1,2833
MME,1157
LY6G6F,189
KLRK1,2861
LAP3,499
CD27,2861
DACH1,1606
MXI1,2011
HLA-C,3650
COMMD6,3264
NUDT4,2011
IL1B,425
NKG7,153
DOCK4,1246
FCGR1B,2455
ODC1,2073
TP53I3,2568
IFIT5,485
LCK,2861
FGL2,996
RAB20,2582
BEX1,701
SRRD,2011
SPTB,2011
SLC6A8,2011
LYSMD2,447
NPRL3,2011
FCRL3,2750
FAM117B,2936
RASGEF1A,2224
PELI1,1677
HMBS,2011
CTNNAL1,2003
ITGA7,864
HLA-DPA1,2833
CRIP1,3057
MBNL3,2011
MYC,2889
HS3ST3B1,1835
CYP27A1,385
SIPA1L2,2530
ZNF267,1689
MAL,2218
KLC3,2014
GALNT14,2460
FAR2,636
IL8,61
MYBL1,2747
DCAF12,2011
STAT1,482
PILRA,1078
GP1BA,191
SDPR,175
AZU1,699
OVOS,3636
PARP12,485
RPH3A,3613
SLC8A1,946
FCGR3B,1178
IRAK3,2530
LOC643008,2011
GPR160,1612
C20orf108,2011
CD8A,2861
GP9,189
PDK4,1269
BTN3A2,444
TPK1,2635
TRAK2,2011
SGK1,1031
MS4A7,320
LOC100286937,2986
IFITM3,526
CD52,3116
RBPMS2,235
MS4A4A,2484
NSUN7,1592
LAIR1,2480
HIST1H1C,3477
SLC25A40,1612
CEACAM6,697
OPLAH,2538
GIMAP4,449
THBS1,3486
PPBP,185
FCAR,2529
LIPN,2622
CSGALNACT1,1872
C3AR1,3523
MAOA,3536
MT2A,548
HSPH1,829
HVCN1,2670
HBM,2020
CCL5,2646
TBC1D9,1397
RPS27L,3264
C9orf78,2011
MARCO,330
TCP11L2,2087
EVI2A,1647
KANK2,2011
HEBP1,3420
GCH1,1867
VSTM1,621
C4BPA,3633
KCNMA1,3467
LILRA3,3611
PLAC8,2483
NAIP,2489
RNF11,2003
GPR18,2861
PCNA,645
SULT1B1,1590
SORT1,2534
UBE2L6,482
THEMIS,2861
ZNF429,3560
NGFRAP1,198
TRIM22,1310
KBTBD7,1785
KREMEN1,2451
CD9,245
RIOK3,2011
ASPRV1,1151
B3GNT2,1689
SRP9,1689
POLB,513
SELP,189
C14orf129,1689
OSTalpha,2500
LPAR6,3153
KLF10,1498
SH2D2A,2737
PSMC6,1689
HSPA1B,136
OPTN,2011
SLC39A8,563
C13orf18,802
ANKRD9,2011
LRRC50,3588
TFDP1,1972
GGH,674
ST6GALNAC3,2534
TNFAIP6,779
TMCC2,2011
GBP3,497
IL1RAP,2473
REXO2,2003
FKBP1B,2011
TNFRSF17,353
SLC7A7,2678
S1PR5,2733
CLU,218
LOC100131541,2721
KLRG1,2746
RUNX2,1025
ASCC2,2011
PTX3,714
XK,2011
FAM113B,2861
RBM38,2011
PARP14,482
FKBP8,2011
RGS18,1728
DPM2,2011
LRRC37A,3490
GBP4,481
C7orf60,1689
CLIC3,2736
DEFA1,695
TSPO2,2011
BCL2L1,2011
PROK2,2337
FHDC1,1977
NFATC2,2861
CHMP5,1648
TIAM1,2904
RSL24D1,1689
CAMK1D,1167
FSTL1,212
TBC1D8,2534
ST6GALNAC2,1128
UBE2O,2011
PTPRCAP,2861
ESYT1,2861
OTUD1,1689
EPB49,2011
MARCKS,1589
VCAN,317
CXADR,41
GBP7,455
FKBP11,354
OAS2,485
HSPB1,825
GZMM,2861
CEBPE,703
ITM2A,2874
STAT4,2748
PNP,2013
HPSE,287
GK,1597
HEPACAM2,1999
TNS1,2011
ITPKC,2220
IL1R1,2564
FBXO6,472
CKS2,668
TAL1,2136
DDIT4,105
AKR1C3,3568
TUBB1,215
NEO1,594
RPL34,3264
C14orf45,2011
ZWINT,653
GPR183,2859
LDHB,2884
RUNDC3A,2011
MOSC1,139
SERPINB2,3469
ADCY3,3538
RAP2C,1689
GIMAP2,1864
RBM3,133
ACRBP,187
PPM1N,560
RRP1B,2884
TRAF5,2861
NT5M,250
TYMS,653
IL18RAP,2530
CD74,2833
SMOX,2106
S100A12,2549
IL23A,2861
SLC1A5,2011
MYL9,189
HIST1H2BD,125
C3orf34,994
PTGDS,735
UBXN6,2011
C2orf88,2137
TBX21,2733
TGFA,2328
LOC728392,1153
ARL4C,2861
PLAGL1,1681
TTC35,1612
RRM2,653
SESN2,2589
LRRK2,1366
OSBPL1A,81
CCNB2,654
KIAA1370,1686
FRMD4B,405
C20orf69,599
GSPT1,2011
RELL1,1035
SSBP3,2145
PHOSPHO1,2010
HK3,2538
FAM89A,885
PIP4K2A,2011
PLGLA,371
SPON2,2735
TGFBR3,2861
TIFA,1546
C12orf57,2848
OSBP2,2011
GNG11,186
MINPP1,1202
PAGE2,2016
NSUN3,2093
IRF7,488
ZNF83,1468
RP2,1689
RHOH,3387
COMMD8,1689
PER1,584
TAP2,482
CMTM2,1186
SUSD3,719
NCOA4,2002
CD36,311
IGK@,347
ZBP1,485
HOPX,3411
PRKDC,1161
SMARCD3,109
ATP6V1C1,1606
RPS7,3264
FCGR3A,998
CCR1,776
CPNE5,843
HIF1A,1677
RORA,2861
IRF4,359
IFI35,470
TMEM123,1833
FAS,1709
STMN1,646
RAD23A,2011
CD46,1681
GIMAP6,2795
FAM198B,1263
LAMP3,505
CXCR2,1100
S100P,2243
TMTC1,3569
BIRC3,3016
GK5,1304
KLF9,588
TMCC3,1063
ENDOD1,2127
ACN9,1612
TMCO3,1611
NQO2,780
ANPEP,1047
CARM1,2011
ATF2,1689
SENP6,1689
ST6GALNAC4,2011
PPP1R12B,1159
FBXO30,1634
KDM5D,19
SLC38A5,2064
PDLIM1,194
BNIP2,1689
SCO2,508
SAR1B,1612
ABCG1,1184
EMB,1612
MRVI1,2609
PLSCR1,1598
BLM,3532
NECAB1,881
TMEM55A,1689
RGS2,1069
CLEC2B,3358
PTGS2,810
TNFAIP3,63
OR2W3,2011
HLA-DRA,2833
FBXO7,2011
FAM20A,894
CD1D,1259
HLA-DPB1,2833
ARL4A,1979
EMILIN2,2461
C5orf32,2538
AGFG1,1612
RHAG,1974
SLC2A1,2011
CDKN1C,3437
LHFPL2,3598
BATF,2579
STAB1,319
LILRA5,2538
MAML3,945
MERTK,2593
GIMAP7,2851
ERI1,1601
SUCNR1,707
PRTN3,702
TSPAN2,637
CST3,2676
FIG4,2485
SLC15A4,1351
WARS,507
PPP1R16B,2861
CST7,2563
CD59,2547
ABCB10,1225
DHRS13,2405
HLA-DQA1,2834
TCL1A,2710
CCNB1,654
C18orf10,2011
P2RY10,2861
HSPD1,2774
FBP1,316
ETV7,480
SEL1L3,913
FKBP5,2507
DSC2,3383
HIST1H3D,127
KLHDC8B,3475
VAMP5,543
ST13,2003
LIN7A,2536
SPATS2L,475
HGF,2492
GJB6,413
PTTG1,666
RILP,2011
PSTPIP2,1595
TMOD1,2011
RABGEF1,2529
RPL9,3264
AMPH,93
CTSL1,52
ALDH2,305
KCNJ2,2277
PDE5A,202
TMEM49,1352
MYOM2,3589
CD5,2861
PRKCH,2843
BLNK,2700
BLVRB,2011
RNASE1,3
CTSO,3023
HAT1,1612
RBM7,1689
TMEM110,2595
DDAH2,2538
DNAJC6,1992
DNAJA4,2051
RIN2,1264
C2orf89,2861
IL1RN,777
FOXO3,2011
GIMAP5,2861
CYP4F3,99
NLRC3,2861
E2F2,2078
SEC11C,3283
C21orf7,288
IL32,2861
GPI,623
OLIG1,3616
SIGLEC10,74
RNF146,1689
ATP11B,1612
MTHFD2,1664
CD38,361
CECR6,338
TMEM86B,2011
SOCS3,2470
ATP13A3,1749
ZNF770,1448
TIAM2,333
PF4,189
MFAP3L,243
PL-5283,2091
PDCD10,1207
FUNDC2,2011
IRS2,1281
SNRPG,3261
TRA@,2861
CDKN2C,642
PION,1689
SLC7A5,2054
JMJD1C,1681
CAPZA2,1689
RPGR,1369
LILRA6,2540
F13A1,203
ST6GAL1,2884
HBZ,3483
MKRN1,2011
PVRL2,3610
TMEM140,520
SPTA1,1976
ELK3,1533
LOC652797,846
SLC31A2,947
IARS,2884
RPL17,3264
PPTC7,1022
USP18,476
FYN,2872
RNF187,2011
TMEM170B,1771
CD81,2884
FIS1,2011
C19orf33,264
IGF2,3394
DHCR7,2215
SLC25A39,2011
ZER1,2011
PDE4B,806
MYLK,189
DUSP6,1257
GNAZ,205
RPL26,3264
OBFC2A,1689
HAGH,2011
OBFC1,910
C12orf35,1364
RPL36A,3265
CCRL2,558
MYLIP,1165
RNF138,1689
CLINT1,1657
LRG1,2528
MTMR1,1823
PEBP1,2884
PLIN5,2271
HIST2H2BE,129
KBTBD6,1279
GPR141,2543
RPS24,3264
PIM2,345
MAML2,2722
PASK,2865
MXRA7,3630
GLIPR1,999
GALNT3,1718
DAPK1,297
ELOVL5,1681
PNPT1,510
PTPN12,1689
APOL6,478
SPARC,189
SLC36A4,1303
SMCHD1,1360
B4GALT3,2011
FCGR2B,3520
SOCS1,544
CHCHD7,1603
IGHG1,346
CD247,2861
FLJ36031,2253
CISH,89
KLRD1,2733
PLA2G7,25
MGAM,2314
ACP5,2158
FAM126B,1680
PTPN4,2486
AKAP11,1436
XRRA1,3433
RPL23,3264
ERLIN1,2511
HLA-DMB,2833
PLEKHO1,2652
FAM101B,554
C14orf159,1148
MICALCL,2069
JAM3,206
MAFB,309
PRKAR2B,182
GBP2,456
SYTL3,406
TUBA8,189
GLRX,3250
PRC1,654
C1GALT1C1,1612
SFXN1,2490
ARRDC4,3363
ZNF238,1681
CLIP4,1460
NRN1,3525
DRAM1,1612
CD14,307
SH3BGRL2,189
BST2,504
KIF11,654
AHR,1265
SUN1,2884
JAK2,1689
EEF1B2,3264
NCOA7,431
FLT3,94
EFHA1,1689
CD69,3425
PDSS1,1604
CDC42BPA,2068
TNFSF13B,2275
IPO11,852
RPL7,3264
PSMA6,3237
RBX1,2109
DUSP2,734
BTN3A3,2835
RNF14,2003
ZFYVE16,1689
SMAP2,2225
SNRK,1681
ZMYND11,2884
ADIPOR1,2011
IER3,2244
PA2G4,2011
LOC647302,3260
ATP2C2,418
C7orf23,1436
XPO7,2011
NME4,2111
SGTB,1689
SKAP1,2861
CLEC4E,2299
SFT2D2,2482
HLA-DQB1,34
LIPA,1270
OMA1,1803
ABHD3,1681
ATP8A1,1473
CHST2,3585
ENOPH1,1436
STXBP3,1689
ROPN1L,2424
TNFRSF10B,3078
CDK17,1689
SPTBN1,3191
RHOU,1633
HSP90AB1,832
NME1,3281
STAP1,750
AKR1C1,3626
PECR,2505
CMAH,1789
MAP2K6,2544
PLIN2,3516
ADA,2929
GPR97,2529
ISG20,524
EVL,2861
RPS3A,3264
SLC25A28,2567
C11orf82,853
CEACAM4,2226
WNK1,2011
JAZF1,2011
DCUN1D1,2003
MGC31957,2369
MAN1A1,1249
FPGT,1689
ALOX12,195
TAP1,482
ZNF266,2977
CDC34,2011
PARL,1277
ARRDC3,1373
CBX7,1004
NRBF2,1680
TSPAN33,193
ZFP36L2,1020
KLRC1,732
HPRT1,1658
TRMT6,2591
C11orf75,299
EIF2AK2,503
PQLC3,1394
MYOF,3544
DARC,2017
MGST1,290
MGLL,189
ETS2,1600
PSME2,463
SIGLEC7,2175
LGALS8,1602
FAIM3,2861
ZNF573,2861
DHRS12,1185
SNX14,1689
IL3RA,35
ABCA7,374
LPAR2,1080
SIGLEC5,781
ZNF438,2537
HSPA8,2775
LOC100131128,3233
DGAT2,2375
TOR1B,1315
PPID,1772
LPCAT2,1608
DUSP13,416
ZNF23,1980
NLRP1,1154
ENC1,3646
HHEX,1689
TNFRSF10C,2369
DOCK10,2884
ZNF275,2861
P2RX5,3168
RAP1B,1689
LRRN3,2766
H2AFX,682
TIPARP,2514
PARP9,483
NPTN,1689
MS4A14,321
ARL6IP6,1689
AGTPBP1,1612
CREB5,2439
IMPDH2,2884
HIST1H4J,148
CBWD2,1913
TNNT1,3642
C15orf48,65
HSP90B1,2640
SIGLEC1,514
C20orf112,1024
CHPT1,2065
TXK,2861
BNIP3L,2011
KDM3A,1361
ID2,1464
EOMES,2861
C1orf183,1076
FGF13,3367
CPD,2311
KCNJ15,2278
DCK,1222
ANXA1,3254
VPREB3,2711
DDX60L,1557
PIGX,1018
CKAP4,2538
C2orf24,2011
SAMD9,512
LDLR,643
GLTSCR2,2848
FUT7,2422
GHRL,75
PEPD,2661
SH2B3,1012
WDFY3,2530
PDGFC,1548
TMEM70,1612
NTNG2,340
KIAA1530,376
RHD,2105
BAG1,2011
HLX,2251
RPL22L1,3266
CHURC1,3378
CNIH4,1594
TMEM185B,2349
MPEG1,2667
FBXL13,72
SLC5A3,1537
TDP2,1681
PGD,2536
PCF11,1689
NDUFB3,3193
TRBV9,3101
LOC286052,1681
LOC100289169,47
CEPT1,1689
KLHL6,1825
CLEC4A,3405
RCBTB2,1007
CPPED1,1113
TLR8,2317
AGPAT9,2454
FAM35A,1436
ITLN1,2125
TRAT1,2857
FBL,2848
CSDA,2011
HMBOX1,3550
WDR11,1436
FAM10A4,2038
BCAS1,2010
CCL4L1,59
ADSS,1509
ARG2,2201
HMMR,655
LMNB1,2333
P2RX1,856
SLC40A1,1250
TSNAX,1689
FNDC3A,1689
INHBB,79
CEBPA,921
CD164,1689
SLAMF7,556
HSPA6,982
SFRS2B,1229
SAMHD1,1255
WLS,3519
PPP4R2,1612
NEDD4L,2011
ACSL3,1596
C14orf4,2279
MKNK1,2530
TNFAIP8,1689
SLC38A1,2861
FEM1C,1612
VPS13C,1436
ZFAND6,1689
RNF139,1689
CXXC5,2909
VPS54,1689
BEX4,3154
IDH1,1286
LOC645954,1379
TTC9,3434
PTGS1,189
SIGLEC9,2545
MOAP1,1436
CD58,1612
ACTA2,3615
DYSF,2408
ACP1,2003
PRKCA,3403
SLC9A6,1689
ANXA6,2688
DHRS3,3067
SLC45A4,1067
FPR2,1678
NSUN5P2,2921
IRF1,469
PPOX,1989
TSHZ3,2605
HK1,2011
LOC100170939,3099
UBE2J1,1591
PADI4,2242
CDK5R1,942
KIR2DL4,31
KL,1632
BSG,2011
LYL1,2011
PTGER2,1843
FOXN2,1689
BATF2,500
SYNJ1,1689
SERPINB10,718
EXOSC8,2884
RPS6KA3,2302
NDUFA4,3235
P4HA1,3428
ABCA13,704
GMNN,651
NAE1,2884
CAPG,2570
C5orf4,2071
AKR7A2,3121
TOB1,1383
SOCS4,1689
SLC26A8,2612
LPXN,2884
XCL1,2754
GGTA1,14
AZI2,1612
LRRC4,2286
GPR65,1763
WIPI1,2506
FHIT,2789
SIAE,222
AZIN1,1689
NFIL3,2309
AUTS2,2751
EAF2,3256
RPS6KA5,2499
C14orf43,1021
TIGD3,1162
ELOVL7,189
RBM47,1689
MRC2,2103
HINT1,3264
MAD1L1,2947
PLAUR,1168
RELB,428
POC1B,2089
C14orf156,3263
PS1TP4,1689
DHX58,485
YPEL4,1978
FCGR1A,2456
CREG1,2104
IGKC,347
ETS1,2861
STK11,2019
APOL3,2836
TDRD7,1311
HSP90AA1,827
CXCR4,3155
KIAA0754,738
PGRMC1,177
SCPEP1,888
DMXL2,1552
FFAR2,2276
FAM20B,2007
TSC22D1,231
HIST1H4C,713
MBNL2,3176
FAH,241
ZNF91,2928
IL13RA1,2280
FLCN,2062
C14orf138,1681
WSB1,1596
PSMB9,465
PECAM1,1070
ADM,2334
LOC440459,929
UBE2H,2720
CLEC10A,839
COX6C,3264
CCND2,2910
STEAP4,1907
RGPD1,3651
SNORA25,1297
ANKRD20A5,44
NIPAL3,2861
MST4,1689
AIG1,641
MAF,2942
TUBG1,690
DNAJB1,138
F5,2441
FBXL3,1689
SLC2A14,2529
DUSP1,1283
KLRF1,2727
LRRC6,3521
SVIP,638
LACTB,1651
ZNF217,1681
RB1CC1,1689
ACAT1,3219
HRH4,3628
LEF1,2861
TLR2,2298
TMEM168,1689
C20orf72,1541
POLR1D,2011
OAT,1621
DDX47,2884
PPT1,995
IVNS1ABP,1300
MMRN1,179
March 1,1261
FGFR1OP2,1212
PID1,3160
TAGAP,450
LOC644762,1606
EXOC8,1689
CABC1,3171
TMEM56,2035
USP11,2861
SLITRK4,329
CR1,2528
PRKD2,1072
DNM3,234
NUDT19,1660
PGGT1B,1689
KCTD12,1267
RUNX3,2861
MRPL3,1436
SLC25A38,2049
PTPRN2,3502
TSHZ1,2884
RRAS2,2781
RPS17,3264
GRPEL1,2481
VNN3,1068
CXCR1,2369
TSC22D3,54
LDHA,1605
ALDH5A1,2011
KYNU,326
FCRL1,1936
SLC16A1,567
IFNGR1,1689
ENTPD7,1606
RAB13,693
NLRP3,3471
TMEM120A,2526
PLEKHF2,1689
TLR4,2326
ZNF395,2848
GRAP2,188
VNN2,2347
ARHGEF12,2011
MTMR10,1681
PBX1,2011
PIM1,2011
PNRC2,1689
AMFR,2044
PJA2,1689
ITGB5,190
LOC100129827,562
SPTLC2,2510
CLEC7A,1329
SIPA1L1,984
NDUFB1,3238
CHST7,937
TCF7,2861
IGF2R,1093
MFHAS1,2117
EXOC6,1612
PPM1M,2524
DISC1,439
STYX,1436
FRMD3,260
LRRC8A,2100
LOC154761,3484
DENND2D,2937
DYNLT3,1808
PNPLA8,1689
RFESD,1975
GP6,196
SLAMF6,2875
EXT1,2606
C6orf129,3334
LPIN1,2861
CPEB4,1637
MEF2A,2530
PRPF18,1689
NINJ1,1138
CDCA7L,716
GAB2,1064
CYP19A1,883
GALNT2,2478
PTP4A1,1677
ALCAM,1817
C20orf177,2268
DCUN1D5,1640
STXBP2,2462
TMEM71,1679
DSE,1727
SBF2,1689
HNRNPH1,1436
ATIC,2884
MCTP2,2530
SIRPB2,1053
IFT57,1573
LOC90110,1123
SNRNP40,3290
TRANK1,1149
ST8SIA4,1681
MMD,176
DNAJB11,1871
ADAM9,1612
MANSC1,2357
CRTC3,3068
LOC100132062,2257
MAPK14,2530
GAS7,2546
SPG11,1675
REPS2,2281
MORC3,1689
UBE2D1,1689
CLIC2,1999
BANK1,2713
NELL2,2861
VPS35,1325
EPB41,2011
EIF2AK1,2011
STMN3,2861
APEX1,2884
ZNF185,269
CD8B,2730
LTB,3103
SOAT1,1684
SELT,1689
MPP1,2011
PECI,2884
FAM162A,2884
ASGR2,312
PRDX4,3282
TXNDC3,1935
ARAP3,1127
MX2,454
TNFSF14,1134
PAPD4,1689
ASPH,2508
EGLN1,2283
PLXNC1,2316
RGS10,2033
PPA1,1540
TLE3,2376
MDM1,1760
DNAJC25-GNG10,1612
ANKRD49,1689
TREX1,525
HTATSF1,1436
BST1,1624
GPR137B,397
MEX3C,1436
ATP2B1,1017
RAB2B,2011
CDADC1,2468
ECSIT,2011
LDLRAP1,2219
HMOX1,310
NFXL1,3514
NCAPG,656
FOS,1284
CHST15,1101
NDST2,2519
PTAR1,1689
GUK1,2011
SENP7,1689
IMP3,2884
LILRA2,1082
PPP3CC,2884
DBI,3241
IFRD1,1777
PFDN5,3258
GTF2H2,1779
TNS3,2681
MPL,209
SNORD89,2211
SERPINB1,2538
PIM3,2586
PAPSS1,3436
CREM,410
TMEM200B,2011
PPIL3,1457
CAMKK1,801
HIST1H2AC,3423
CD302,949
ATP11C,1689
ARID5B,914
IGLV1-44,351
RRM2B,1681
DYRK3,1974
CCR2,1262
RCHY1,1689
ARID4A,1689
TIMP1,800
CEACAM21,3457
CTDP1,2598
XBP1,2645
FLJ10213,2266
LTB4R,2521
MRPL47,3242
UBA3,1689
MAF1,2011
TM6SF1,1689
CACNA2D3,840
NEIL1,421
CLK1,1689
C15orf37,1302
C1orf52,1689
EFHC2,83
CBLL1,1686
KIAA0319L,1192
SIT1,2861
ZDHHC18,1086
ISOC1,1400
SDF2L1,2638
RPL10A,2848
MRFAP1L1,1436
LDOC1L,2861
NBN,1547
PLEKHA3,1689
RPL22,2848
ALOX5,2536
PGS1,2530
CTDSPL,189
DR1,1689
TMEM33,1689
BLOC1S1,2465
SULT1A1,336
CCDC90A,262
NPM1,2884
CRIPAK,377
PATL2,3189
ERO1L,1612
CNIH,1501
TECR,2797
MAP3K8,1689
C9orf46,2596
FTSJD2,487
UTRN,1517
TMX1,1689
TET3,1331
TICAM2,1287
LOC646517,1689
CITED2,565
ACPL2,1912
LMBRD1,1681
C7orf44,3371
GAPT,3396
DAPP1,517
LRRC40,1689
TOPORS,1365
NXT1,2853
C1RL,2321
GPR155,985
USP1,1689
DBNDD2,2651
ADAP2,2654
DYRK2,2861
RGPD5,1515
PDE4A,3553
SLBP,1420
CD97,1145
METTL9,2554
PRKACB,2919
NCOA6,1337
FUCA1,1272
PKN2,1360
DYRK4,850
NFIX,2011
PRDX3,1689
SLCO4C1,1612
TOMM20,1436
SH3RF3,101
RNASE4,1273
CCPG1,1612
CDC123,2607
SLK,1612
C1orf63,1826
NUP93,2884
CAB39,1689
KIAA0947,1436
AOAH,965
PIK3AP1,1609
IGF2BP3,912
CCDC53,3255
LYSMD3,1689
SPAST,1689
LOC100291837,2847
RPL39,3264
NUCB2,683
ZNF664,2899
ZCCHC2,485
LAT,2770
PSMF1,2011
HIAT1,1689
TMEM30A,1689
CMAS,2095
LSM5,3214
RNPEP,306
RAP2A,2097
ZNF608,80
SLC39A10,2902
GATA1,2011
CBLB,2743
BCL6,2315
ACSL4,1689
FAM3B,3654
TPD52,2783
PPP1CB,1577
MAP2K3,2011
LY9,2861
GABPA,1689
PDIA6,2642
RPL35,2847
ATP2B4,602
SEMA4A,2402
DNAJB2,2011
BLOC1S2,1689
MANF,2639
FAM128A,844
P2RY13,2440
PPP1R3B,2416
PIP5K1B,2003
CRLS1,1689
MUTED,356
SLC11A1,2437
FAM104B,2011
PLXDC2,1164
KCTD6,1395
PPP1R3D,2530
INHBA,634
BIRC2,1213
FAM49A,1110
PTPN22,1561
STX11,1649
C17orf87,322
YWHAQ,1436
SERPINB9,3480
LOC100130932,3261
C6orf48,2848
TMEM14C,3360
TPM1,2076
PCYOX1L,2990
TFDP2,2142
C1orf228,3518
HERC6,477
CYBRD1,3539
ARFGEF2,1436
LRRN1,2604
PCDH9,2715
TSPAN9,189
MATK,2741
CD6,2861
CIRH1A,2884
ACER3,1606
CTSC,1276
VRK2,1790
CHMP2B,1689
PIGB,1939
RNF123,2011
MICAL2,2011
KIAA0247,1680
FAM21C,3641
LBH,2487
LOC100128751,977
JKAMP,1689
ABI3,3134
MCOLN1,2052
KIAA1324,339
PFKFB3,2529
OSBPL9,2304
MTHFS,2512
ACAP1,2265
RFK,1689
THAP5,1689
HIST2H2AA3,130
SOD1,1200
TRIM56,467
FAM129A,2379
CSTA,151
HBE1,2203
SH3BP5,2474
SIDT1,2861
GAA,1177
COL9A3,3631
TSPAN13,754
TMEM66,1417
SH3YL1,2859
BDP1,1689
C14orf106,1432
BTNL8,3603
PPP2CB,1689
NFATC3,2854
MPHOSPH10,2884
SEC62,1210
VCPIP1,1689
FUCA2,2649
RPL5,2848
CALHM2,3082
MYCL1,2679
MEF2C,2987
NLK,1663
SRXN1,3524
HIST1H2AE,168
VTI1B,2011
FAM116A,1686
PCTP,3500
AP1S2,1863
ZBED5,1689
GBP6,533
GIMAP8,1256
C1orf96,1852
CUL5,1436
CD300LF,2597
METAP2,2884
AMIGO2,1539
CLEC5A,2501
TERF2IP,2005
FKBP4,826
PIK3CA,1689
MRPL22,3262
SLC46A2,2685
TET2,1680
SH2D1B,2728
MRPL15,3225
UBE2W,1689
PHPT1,2831
SNRNP25,3284
ACP6,419
FAM18B,1689
SAMD3,2861
March 2,1997
ARL6IP1,1218
ZNF12,1689
CORO2A,622
PAG1,1612
ADRB2,3188
PDCD4,2844
TFR2,2023
TBC1D15,1703
CAPN3,859
UBL3,1689
SNX13,1689
HSPA1A,137
PSMA4,3245
March 5,1689
PDIA4,2641
HSH2D,511
HSP90AA4P,828
UBE2C,658
BLVRA,301
GPX7,726
C16orf61,3280
CXCR5,2706
SELK,2040
POLR2K,3267
GCLC,2003
TESC,2025
NOB1,2884
MITD1,1848
PDK1,1855
PPIP5K2,1689
ERP27,745
LGALS1,877
MANBA,1008
CXorf21,437
NHP2,2884
C18orf32,1612
H1FX,3074
GOPC,1436
SUB1,1689
SSB,1458
SYNE2,3152
PRKCQ,2861
CUTA,2884
FBXL16,2861
QPCT,2453
ARSD,744
CYBB,865
RAB4A,172
DUSP5,557
PRUNE2,3573
RANBP9,1612
STX7,1689
CCT4,2884
S100A10,2660
PDE4D,2491
BEND2,248
EIF2A,1436
CCBL2,1764
FAM83A,2160
UBE2E1,1750
HMGB2,1636
MGAT2,1436
KIAA1033,1689
PHC2,2295
RHBDD2,2255
IL4R,2532
GRAMD1A,2403
APOL1,478
FAM26F,540
MCOLN2,3117
C7orf53,140
LOC728417,2258
RHOC,160
NOP58,2884
ANAPC13,1009
NOP56,2884
CDC42SE2,1668
ANXA2P2,2656
GBA,2569
CHCHD10,2848
RNF213,484
CDS2,2204
C1GALT1,1770
GCLM,2498
FAM117A,2011
PLK3,401
NCRNA00219,2850
TMEM40,189
FRMD4A,2011
MTO1,1436
ENY2,1567
C16orf7,2261
FFAR3,561
GP1BB,189
SPP1,3609
WDR54,2861
SHARPIN,2011
EPHX2,2864
THYN1,3326
NLRC4,2536
KIN,1689
ABLIM1,2861
ZNF292,1689
SLC22A4,3114
SLC30A9,1689
TRIB2,2861
CTTN,189
RANGRF,2884
SLC30A1,1832
RNF44,1343
PRKRIR,1436
NSMAF,939
TLR1,2310
BNIP3,3449
NSA2,2884
SNORA32,1298
FAM96A,1689
CDK2AP1,174
TRIM8,1118
CEBPZ,1758
TBK1,1689
ZNF467,2367
ARHGAP26,2379
RBBP7,2884
INSIG2,1689
RASGRP1,2861
TNFRSF9,335
UQCRB,387
RAB21,1689
NBEAL2,2263
ZHX2,933
UBASH3A,2861
GYPC,2011
CACNA1A,534
C21orf59,2884
RPS23,2848
KIF1B,2529
PINK1,2011
FAR1,1689
ZDHHC13,1747
FAM126A,1444
RNASEL,1652
LEPROTL1,1436
P2RY8,2791
MRPS23,3216
C4orf32,1689
CENPW,663
SLC46A3,603
NCL,2884
LPIN2,582
ST20,2632
TRIM21,473
IRF8,1398
PPP4R1,1680
AGAP6,2557
UAP1,363
TMEM188,1689
PRMT5,141
BAZ1A,2530
C12orf75,278
CNTNAP3,82
SH2D3C,1125
SNAP23,1688
DNASE2,1197
PCGF3,1837
CASS4,953
GCA,1612
TXNDC17,3252
REC8,521
CMPK1,1415
SC4MOL,1306
SELS,1411
C1QBP,2911
SNX10,1689
C2orf69,1689
DOCK11,1689
GTF2E1,1689
MICAL1,2264
NGRN,2147
STT3A,2764
ZNF200,1861
ZNF652,1119
BARD1,721
UPP1,2538
VMA21,1436
NAT1,1689
KEL,2034
ERMN,135
SEC24B,1689
NAP1L1,3053
IQGAP2,1926
ANKS1A,2509
C4orf34,1692
CTR9,1676
EFR3A,1689
PPM1K,3113
C12orf41,1436
PCNP,1689
EIF3L,2884
AHNAK,2672
MOSPD2,1681
STK17B,1677
OCIAD2,2861
MS4A6A,3338
C14orf109,1476
TMEM167A,1612
SPOPL,1681
IMPA2,2623
ATP8B5P,1689
RNFT1,1689
MTIF2,1429
ELOF1,2011
SMARCA5,1436
ACSL1,2309
LOC643634,2213
HSDL2,2317
ZRANB2,1689
PHACTR1,62
CARD9,2677
GBE1,1316
TAGLN2,334
FAM177A1,2469
SAP30,585
TDG,1704
AQP9,2310
MCTP1,778
MGAT4A,1689
MOSPD1,1999
IGL@,349
C13orf23,1766
SPN,2869
PTGES3,1220
PRAM1,963
AKNA,1090
ABHD13,1689
CPA3,814
IRAK2,64
LRPAP1,2571
C9orf5,1950
LNX2,2173
EIF4E3,1612
TCF3,2011
APOBEC3A,983
HBEGF,36
KIAA0101,653
APOBEC3G,3377
PGM1,2273
PGCP,1111
CARD16,436
IARS2,1392
NAA20,1436
ZBTB20,822
KIAA0748,2861
C9orf72,1689
CD82,2558
ITGA4,2845
ACSL5,3184
METAP1,2884
PLEKHA1,2861
LEMD3,1689
FCHSD2,1776
CTSH,55
NFKBIA,2608
FN3KRP,2894
AIF1,293
NMRAL1,3127
CCT6A,1436
C19orf62,2011
MT1G,24
FCN1,39
FAM82A2,1951
CAPRIN2,3092
MLF1IP,652
SRD5A3,3599
ACOT7,259
TBC1D4,2858
DDB1,2080
DPYD,1713
SBK1,2862
FAM8A1,1558
NEDD9,1066
PURA,2884
DCI,2825
C21orf91,1736
RAB7L1,2210
SMARCE1,1436
SNRPD2,2847
DHX15,1436
GYS1,644
FBXO34,1902
STK3,1629
ENPP4,1566
EMR2,1143
ANP32B,2060
KLHL15,1305
ATXN1,2325
CHD1L,3065
SOX6,1993
LTBP2,3404
TXNIP,1000
CASC5,659
MGST2,291
NLRP12,2429
FAM157B,2259
SMYD2,2884
DUSP11,1689
DNMT1,2861
PAK1,1079
March 7,1689
PTBP2,1689
TIMM10,545
C17orf60,3421
NIPAL2,3447
APRT,2848
DPYSL2,2657
TMEM64,1892
FDX1,1454
UBE2F,2718
OPN3,1530
DICER1,2445
TSPO,2538
NEK7,1681
HNRNPA1,2884
UBA6,1616
OSTC,1436
RAB24,2614
LAX1,2927
SSFA2,1689
XYLT1,3079
ARAP2,1822
DNMBP,70
LYAR,2884
C17orf91,119
AFF3,2703
NIPSNAP3A,1815
GALM,518
CDA,790
BAG3,836
RPS18,2847
C18orf49,501
PPP1R9B,935
RPS5,2848
RNF24,2371
GPX4,1906
NAGK,966
SDHD,1689
MAP4K5,2001
ATP6AP2,1689
C17orf95,1459
SATB1,1402
ASAH1,1883
CAPZA1,1689
FOXJ3,1336
MORC2,2871
FAM102A,2861
ZBTB33,1450
SIRT1,1686
REM2,1152
C9orf16,274
PPIL4,1689
RUFY1,210
ICAM2,2772
ZNF443,1911
ALAS1,3348
KCNH2,2039
NDUFB2,3304
DPP4,2861
CSNK1G3,1689
ZBTB38,2925
CEP55,671
ESYT2,2884
AP3S1,1612
PABPC4,2884
BACH2,2914
PCYT1A,2535
RNF10,2011
CLNS1A,1436
C5orf56,528
GSTM3,10
RMND5A,2002
CCDC109A,612
ITGAM,2536
LTA4H,292
CDC20,670
SMURF2,2159
IFI16,451
B3GNT8,2231
CYCS,1408
GPCPD1,1834
C14orf147,1795
TRPS1,2515
CBS,611
TGM2,2011
KDM6A,1716
GIMAP1,2796
FABP5,720
SWAP70,1505
HNRNPA0,1436
LIMK2,2404
BTG2,803
IFNAR1,2310
CHST11,1001
TM7SF3,1252
C1orf217,604
NRAS,1689
LYRM1,1625
KAT2B,2090
REPS1,2884
DDX21,1465
HAUS4,2610
HNRNPR,2884
PCMT1,1612
USP12,2003
PCMTD1,1715
C14orf101,2530
TGFBR1,1689
FLJ10357,948
COX7C,3264
CYB5A,2027
OSBPL11,1681
CYSLTR1,537
SCD,710
MAP2K1,1793
NME1-NME2,2848
AES,2861
PPP2R5B,2021
PDZD8,1251
SCYL2,1689
TALDO1,1140
TBC1D22B,2011
CPEB3,932
GLCCI1,1919
POM121L8P,42
LARS,2884
CDC42EP3,2335
ZNF776,1741
DNTTIP2,1769
IRF9,474
MATR3,1436
RSBN1L,1023
PROS1,180
FAM134B,3454
CCNG1,1415
ZNF529,2884
TMEM43,1356
RAB33A,155
HNRNPH2,1689
TRIB1,2472
BAZ2B,1327
CRBN,1612
RPL15,2884
DHCR24,727
ARRDC2,766
TMX4,1349
STAG3L2,2786
ST3GAL4,2262
MMP25,2417
BAT3,2011
PHF13,3438
C14orf139,1531
UBQLN2,1689
CHM,1689
TPST2,2625
IGLJ3,362
RWDD1,3270
C17orf42,1550
WHAMML1,223
AK1,2028
C6orf211,1689
RBM34,1430
RAP1A,1689
HNRNPH3,1418
CASP8AP2,1436
SAMD8,1819
ARL5A,1436
PLIN3,2411
KPNA4,1612
BTN3A1,445
RAB5A,1714
CCDC23,2165
C1orf162,2574
NDEL1,2329
MID1IP1,1033
RBBP8,1767
HIST1H3H,261
GLS,1436
SBDS,1436
PRKCZ,1142
PHACTR2,2592
EML4,1905
RAB28,1689
BTAF1,1686
GUCY1B3,183
HMGB3,684
TMEM126A,3217
ZBTB34,1681
BIN1,2861
C3orf38,1689
LRPPRC,2884
RICTOR,1360
PREX1,2378
RPL3,2848
NUP107,1436
C15orf29,1180
POLR2B,1689
ATP10D,1499
TOP2A,654
TAF4,1401
BOD1L,1354
RRS1,2982
SYPL1,1689
CSF2RA,2358
ITGA6,1198
CD55,2529
CCT8,2884
SFPQ,1510
ABAT,3485
CPNE3,640
CCS,1991
NUS1,1689
FAM102B,1719
CD99,908
NFKBIZ,1870
PRR5L,3106
GOLGA6L4,502
SLC25A24,1689
NSUN6,2787
NUBP1,2816
ANXA4,1294
CTSD,782
VPS8,2234
TCEA1,1223
HMGN4,1504
E2F5,2705
DDX24,2861
CRTAM,2920
PICALM,1680
RHOQ,1553
CCDC92,909
ITGA2B,189
GPR56,2733
TXNDC9,1689
CCNH,1818
C4orf14,2966
IMPA1,1689
MTF1,2466
MAN2A1,3124
MRPS33,3209
CDKN1B,1689
PELO,926
CD44,2516
CUL4A,1224
PPP1R12A,1689
ADORA3,593
CARD6,2536
HPS1,2011
NCRNA00188,3197
MLH3,282
RPL27,3264
OR10G4,2010
March 3,2168
PYGL,2415
UBE2S,689
DEK,1689
RNF38,1689
TLE1,3512
SYTL2,2744
TNFSF10,434
GPATCH2,3007
CBX1,1849
SPPL2A,1613
SH3GLB1,2530
AHI1,3029
PSMD14,1409
CD99L2,740
RGS16,571
DOK2,1195
VBP1,1689
CD19,2712
CD3E,2861
MPV17,2964
UHRF2,1469
CCT3,2884
CHMP1B,1681
USF1,1183
STEAP3,3542
PRNP,1689
AGL,1562
C20orf3,2274
TXN,2463
SNTB1,1865
SFRS7,2884
CCNL1,1655
ZMIZ1,1367
RAB32,2538
RBMXL1,1653
ALG5,2962
CPSF3,1387
SECTM1,457
LOC653501,3546
TBPL1,1214
BZW1,1689
ZBTB6,1689
SLTM,1689
NAA38,1851
SNORA77,605
MAGED1,2879
ZNF146,1436
TUBG2,2162
DHX16,2015
ACOX1,2386
MLKL,2457
GABBR1,157
LMO2,890
ASNS,366
AGTRAP,2229
RALB,2313
STX3,1680
PCGF5,2098
AMN1,1768
CTBS,1680
MUDENG,1689
FBXO21,2884
C17orf61,3205
NDUFS4,3271
RCL1,574
SFRS12,1689
RBM9,2010
CXCL16,427
SLC35F5,1689
C3orf58,1738
VWA5A,861
LOC100287430,2848
ITPRIPL2,300
ELMOD2,1689
NUSAP1,654
MAT2B,1219
SLC44A1,3381
UROD,1990
PDLIM2,1158
ANAPC4,1449
SFRP2,2130
CD93,728
LRRC33,2779
UBXN2B,2316
TPSAB1,2010
C4orf33,1783
C1orf59,1860
ZDHHC2,1215
C8orf40,1507
NUDT5,389
KIAA1191,768
AP2B1,2116
UTP18,1390
CYFIP2,817
TPM4,2214
ATP11A,1689
ING2,3369
YTHDC2,1689
MAST3,1097
MAP3K2,1347
RNF141,1617
TBCA,1569
ZCCHC9,1689
KIAA1715,1317
RCOR1,1332
CCDC72,3259
SP110,452
PHF11,471
CUL1,2884
IL10RA,2999
TM2D1,1659
C9orf40,2006
CHD4,974
TMEM106C,677
CAT,3612
SLC25A46,1689
TSPYL4,1847
EXOC1,1689
HDGF,2011
C1orf198,224
LHPP,2057
TMX3,1689
LRRC57,1858
XPO6,2370
TPX2,661
NKTR,1422
LOC162632,1689
SDCBP,1680
SLC35A5,1689
ABHD2,2442
TFEC,1893
RFX1,1096
MSL3,2530
CCT2,2953
MBOAT2,2716
RRAS,58
MGST3,303
OSCAR,2523
TTC3,2884
CD151,249
MTMR11,2684
PITPNC1,3190
GOLPH3,1689
GPR34,3559
WDR37,1672
DYNLL1,2157
SNX30,1396
RPL31,3264
MRPS24,2848
C5orf41,1060
HPS3,1426
FLOT1,2538
ANXA2,2656
UCHL3,2963
SMAD1,906
PSMA3,3230
PRRG4,552
NCKAP1,230
TMEM149,3537
DHX34,1059
SNX3,2719
FUBP3,1436
UBP1,1436
LOC441155,375
NEDD4,1631
GFM2,1444
TRIAP1,1523
KLHL8,2223
IL6R,1098
HNRPDL,1436
F2RL1,943
DUT,3165
CCNB1IP1,2849
MED23,1689
RPS4X,2848
CYB5R4,1689
SRM,2776
ADK,3174
TMEM169,862
UBE2Q2,1436
TMEM216,3361
LIG4,1689
ZNF281,2322
BUB1,662
DDX27,2808
AGRN,506
APOL2,498
C14orf142,1643
TNRC6C,3085
SYNE1,821
ERH,3239
PHTF1,2530
SPATS2,360
HSPA9,2884
STAG3L3,2786
C9orf95,1898
EIF3M,2884
DNAJB14,1689
ZFAND2A,3541
SCP2,1942
ETHE1,618
GSN,785
CXCL5,277
CHUK,1689
MYO1G,759
ITGB1,170
DHRS1,121
MBOAT7,2369
MSI2,2031
ABCB7,2968
TSEN34,2373
LMAN1,352
RAB1A,1689
CHSY1,1805
ESCO1,1686
ANKRD28,3370
TBC1D10C,1965
IRF2BP2,3104
SF3A3,2884
HIST1H2BK,126
LOC728554,2913
SORL1,2380
PDE3B,1857
FBXO5,649
HECTD1,1689
ZYX,2364
SIGLEC14,3627
NAMPT,1680
EIF1AX,1470
DHRSX,1049
EPRS,2884
MTMR4,1859
DPM1,1689
S1PR4,2425
GRINA,2912
SMC4,1529
POLE4,3329
RRAGB,1897
SRPK1,2418
DKC1,2884
FLT3LG,2861
SLC25A6,2848
GALNT1,1615
MOBKL2A,1094
ADAM10,1725
SSBP1,2955
SMN1,1514
COL4A3BP,1689
UTP3,2884
PPIG,1729
USPL1,3094
NCF1,1170
DIRC2,2348
PLEKHG1,398
BMP6,266
MTX3,1434
ADAMTS3,855
SLC20A1,3125
PVALB,273
CXorf65,3574
RNF13,1689
JARID2,1010
ROMO1,3198
RIT1,1689
CTCF,2813
HSPE1,831
MRPL34,2956
ITFG1,1243
MOV10,491
FLI1,1681
KIAA0040,2353
RNF135,922
C9orf84,601
FAHD1,2066
RTN3,2318
SNRPF,2955
DYRK1A,1670
LOC100288142,1014
ZNHIT3,3208
TANK,1689
RNASEH2B,2884
AP1G2,2181
RGL1,53
ICAM1,429
TMEM184B,1172
ZFX,1693
CLPP,3003
TMEM154,1357
CDR2,767
CIRBP,134
MRPL33,1943
LGALS12,265
STAG3,2944
RNF31,2183
NUDT9,1412
HMGN1,1486
AGPAT6,402
DNAJC1,549
C7orf41,214
SGMS1,1756
QSOX1,2565
SNX4,1641
SRPK2,1114
KCNA3,2861
TOMM5,3221
SOS2,2317
SMAD3,2861
PTPLAD1,2884
RPL41,3194
KLHDC2,1241
STK39,2846
RCC2,2884
TRIM27,607
PTAFR,1139
LGALS3,2042
NNMT,723
TMCO1,1689
OPRL1,930
DEPDC1,660
SPINT2,156
STXBP5,2341
VAMP8,3302
EDARADD,848
TTC9C,395
FTSJ1,2884
METTL7A,146
RNASET2,1071
RFTN1,2861
TMEM60,1946
LOC100133161,2260
MEGF9,2344
CLDN5,258
ZBED1,1050
RNF103,1802
DLC1,904
UBR4,158
SERTAD2,3499
PGM2,1618
OSBPL8,1579
FEM1A,2055
AMY1A,941
FNDC3B,2530
CKLF,2320
SH3PXD2B,90
RPL14,2848
MT1X,22
SNHG8,3206
SGMS2,1839
HSPC159,252
UBAC1,2036
NTSR1,77
FAM43A,2998
SGK3,1701
DHX29,1232
TMEM111,2011
C11orf2,3028
PRDM10,1689
PLEC,794
MMADHC,1612
RANBP1,2951
SKAP2,2327
CASP4,2351
DNAJC13,1245
ZMAT2,2011
HEATR5B,1490
PPDPF,3342
THOC4,2765
CSF3R,2372
SYNJ2,3567
EHD4,3393
CSRNP1,407
RPL13,2848
APH1B,2305
IL15,3353
CBX3,1689
CD68,323
PSMA2,3261
CTSA,247
RRAGD,1796
C14orf118,2180
AVIL,331
ZNF700,1689
SESN1,1880
GBAS,1689
LOC645166,795
PPP1CC,1436
DHRS4L2,2664
IER5,3344
CRLF3,1681
CEP78,2753
FAM104A,2011
ZEB2,1689
SFRS2,1689
TCTEX1D1,813
AKR1B1,2837
MAP3K4,2884
ANO6,178
ST3GAL5,2922
NUMB,1680
COPS3,2205
PHF6,1444
FAM128B,845
TKTL1,3181
SEC24A,1612
THBD,729
PANK4,3073
RPL18,2848
CRAT,2146
PUS3,911
PCSK6,189
CCDC126,1689
C5orf43,1444
ZNF441,1900
TBC1D2,927
FAM63B,2245
IL27RA,2780
RGS3,931
EBP,2694
C19orf38,2523
STAT5B,2370
FKBP3,3212
PPP1R14B,1056
FTH1,3548
PLB1,2580
RACGAP1,664
RPS6,2848
FAM53B,2794
PNMA1,3430
VAT1,616
DTX3L,483
COX7A2,3236
SPEN,1027
PCNX,2323
GALNT7,1682
CD96,2861
FKBP1A,2587
ARHGAP24,3364
MAPRE1,1605
SMS,3047
MRPL48,3211
WDR45,2011
CTSW,2647
FBXW2,1635
RNF219,1445
AQP1,2186
SNRPN,2773
MRPL44,1873
PMS1,1434
AIDA,2001
DCP2,1689
C3orf63,1689
TMEM181,1423
GOLGA8A,2861
KLHL21,1132
E2F3,2317
C5orf24,1689
MCM6,692
BOLA3,3149
LUC7L2,1436
NOL11,2884
ENTPD1,2312
NDUFA6,3269
PLP2,2627
FHL2,2041
LPCAT1,3410
SLC12A9,2399
SCFD1,1661
TH1L,2884
BTG3,619
NDUFS5,3203
ALG6,1737
RBKS,423
C16orf75,712
DGKQ,3503
SCARB2,302
UBQLN1,1211
APCDD1,27
DNAJB9,1638
C1QA,57
PGM2L1,811
MOBKL1A,1228
KIAA1109,1656
ADD3,1689
ATP6V1A,988
RDH14,1436
RAB43,2249
ACTN1,2391
ZNF398,1174
CD40,3399
C19orf2,2884
DARS,1436
PRPF19,2884
STYXL1,396
CCR5,3069
PRKCE,15
BRP44L,1502
MBD2,1691
ERP29,2886
PFKP,3122
NR3C1,1689
CETP,242
LRIG1,2945
SMCR8,1336
RNH1,2659
TOPBP1,1689
TEX2,3549
NANS,902
WWC3,1166
SMC3,1427
ALDH1A1,3513
TP53INP1,1377
NSMCE2,3275
FAM46A,538
FAM118B,3465
ABHD5,1282
GTSF1,3596
UBA2,1436
FAM188A,1689
SRA1,2256
POP5,2884
EIF2C4,2317
NEXN,237
NMI,1650
XPOT,1455
MED4,1689
TAF7,1689
ACSS2,2240
MRPS35,2884
ABCF1,2924
LRMP,1019
RAF1,1103
FURIN,1526
YPEL3,2011
MYCBP2,2803
METRNL,404
TTC13,1882
RSBN1,2513
CD180,3136
CACYBP,830
NAAA,2675
LOC100294376,2798
NUP205,2884
WEE1,620
CCNA2,654
XRN1,1312
SIL1,886
JOSD1,412
SNRPD1,3222
SIRPD,2620
INPP1,3366
MYO1F,1093
PYHIN1,2861
MRPS6,3010
DSTN,3093
ROCK1P1,1689
TOMM70A,2884
HSD17B12,1894
ABCC3,197
KCNQ1,1179
PSME4,2004
FAM174A,1376
POR,2527
GLT8D1,1426
KCNE3,919
FHL1,211
FAM107B,1811
ZMPSTE24,1689
CASP1,435
TMED7,1689
TMEM147,2818
SELPLG,2388
ANP32E,1565
C12orf76,268
VDAC1,2881
OGFOD1,2884
C4orf3,1599
SEC23B,1800
PPIH,2884
TMEM126B,1665
VAV3,1683
CFP,1045
LSM2,3327
TBC1D7,891
MRPL24,2820
EPB41L4B,3634
PAPD7,2860
MXD1,2331
SFRS5,1404
LSMD1,3201
UBE2E3,1240
KIAA1539,1543
RANBP10,2011
C6orf108,2832
DLGAP5,654
ASTE1,3009
NUP54,1436
CEP192,1669
HUWE1,823
NCOR2,2687
HECA,1556
MAD2L2,2601
EAF1,1689
GAB3,610
XRN2,1323
RFC4,648
EMG1,2959
SCAMP3,2806
HSPA5,3362
ZNF330,1689
NAGA,2658
DPH3,1627
ERLEC1,1444
FMN1,91
C9orf23,3119
PARN,2726
RPS19,2848
CDK19,1115
PRCP,1244
CAPN2,3056
FAM45A,2319
CCDC109B,2884
HSPA13,1639
VRK1,687
CPSF2,1812
THUMPD1,1436
PSMD10,1689
HECW2,144
GSTO1,876
ASGR1,2655
BTBD10,1689
APIP,1444
NSMCE1,3324
KIAA0564,596
WRB,1816
CD160,2755
SEPHS2,1628
FES,2427
HTATIP2,1910
WSB2,1884
GTPBP8,2884
BSCL2,275
ELP2,2884
RASA2,1301
FOXN3,1011
CTSZ,294
NOTCH1,1106
SMNDC1,1689
KLF3,2088
TM9SF3,1689
LLPH,2083
FOSL2,2330
NPL,951
NDUFC2,869
ARHGEF18,2854
LBR,1685
POLL,2011
MRI1,2884
RABGGTB,1436
ATP5G1,2778
ZNF552,2633
DUSP18,968
FAM78A,2855
RDH11,171
DNAJC3,2291
MORF4L2,1483
ADSL,2955
LANCL1,2884
DNASE1L1,2572
COMMD3,3218
FNIP1,1680
LCLAT1,1934
PLGLB1,373
FASTKD1,1456
LSM7,2847
RPS27,2847
DDX1,1436
PLBD1,2566
RAB11FIP1,1112
SSSCA1,770
ITGB3,189
DLD,1689
WRNIP1,1416
NDUFAF1,2590
SIRPG,2861
SND1,3340
CCDC34,717
MGMT,3024
C9orf89,857
POLD2,2878
ECHDC1,1433
TAF12,1799
TXNDC12,2070
APOB48R,980
NDUFB9,870
COCH,3527
ACAA2,2695
FRY,1032
PNPLA6,893
LST1,967
RAB27A,1612
GTF2H5,3337
PDK3,2615
PLEKHG3,954
ZNFX1,461
SEC63,1436
HDAC2,1752
EIF3E,2884
HEXIM1,566
RIPK2,532
NFU1,1574
KIAA1377,46
C3orf62,1104
IGF1R,2395
PILRB,84
CHMP7,2888
SKA2,685
FRAT2,2355
HEXB,1260
GPX1,2084
KLF7,2536
C7orf59,959
CMC1,1909
CCL3,60
SLA,2297
TSEN54,2742
ABL2,841
ZMAT3,763
GNA12,2086
SLC35E3,390
FBXO33,1689
BLK,2708
ARHGEF3,1532
LATS2,2343
THOC1,2884
KRTAP10-11,1994
CASC4,1689
SEC61G,3301
EBPL,1886
MBNL1,1671
C12orf23,2782
FCER1G,2538
CD86,2673
SRP54,1674
LOC100294402,3021
FBXO8,1689
MED31,2151
REL,2139
DLGAP4,2059
C17orf39,2011
ANKH,2032
KCNE1,2585
GRPEL2,1436
LRRC8D,1528
CCDC125,3462
HMGN3,2884
MIR21,1062
MOBKL3,1689
LRRC47,2884
TTC32,1753
ACTL6A,2884
MYCBP,1583
RPS3,2848
TRPM7,1436
C1orf103,1689
GSDMB,3140
LOC392288,1970
PRKAA1,1614
ITPK1,1150
MPZL1,1181
PLXNB2,2662
ARL3,2246
PDGFA,199
Septin 6,2861
VPRBP,3041
FTO,2884
NDNL2,2884
EZR,3137
FBXL12,1385
UMPS,2884
KCTD18,1689
HIVEP2,808
MBOAT1,1580
TMEM205,757
SHKBP1,2230
C1orf9,1519
NUP153,1554
PPP3R1,1205
ACCS,3640
TMEM106B,1475
ICAM4,2058
GCN1L1,2861
SLC27A3,530
SP4,1466
TMEM165,1612
MINA,3180
ZNF18,1136
CHKB,2177
MAN2A2,3488
LOC200030,1015
ELF2,1359
CD72,2714
USP38,1689
ESAM,204
CKMT1B,2024
SF3B14,3248
IKZF3,3062
C1D,1732
CEBPB,2309
RANGAP1,3359
ITGAE,3224
MFSD1,1786
SVIL,2317
ATOX1,879
SP140L,3161
TCEANC,575
ANXA5,1296
FAM20C,3602
CLCN3,1238
ZNF641,1182
CDC23,2884
MPHOSPH6,1941
PLEKHO2,2363
SLC22A1,332
ATL2,1782
ACAP2,1689
TTYH2,2680
PSMB8,466
CAV2,281
ZCCHC17,624
C18orf25,1575
CCDC88B,788
HIST1H2AG,283
ZSWIM6,2324
C19orf22,1446
C4orf48,758
FUNDC1,3089
MAN2B1,760
STX10,960
PER2,3356
SFRS11,1436
SUMF1,1326
RPL13A,2848
MRPS14,2961
RPS8,2848
FLNA,276
ATG16L2,1081
DRAM2,1794
PPP3CA,1348
EIF3J,1226
AQP10,225
CD63,2525
CXCR6,736
NEIL2,2156
RNF111,1689
CR1L,2010
CUTC,1623
TTC39C,2861
ADI1,3493
NHP2L1,2884
GMPS,2971
IDS,1117
C7orf55,3333
HCK,2409
CUL2,1689
RNF130,1116
YWHAH,255
TAX1BP3,238
MSRA,2502
PRPS2,1916
DNAJA1,3355
FOXO1,1006
RAN,2953
TST,3456
KIF3C,2626
GPBAR1,1196
SLC37A3,2350
NFKBIE,393
PTPN2,1699
HDDC2,3051
CBFA2T3,936
ETFA,166
CD47,1472
SLFN5,3112
JDP2,586
PRKAG2,448
C19orf42,1940
C11orf58,1645
RERE,458
MRPL36,3296
TRIB3,3606
KIAA0182,2906
YTHDC1,1666
ZBTB8OS,3257
CDK7,1759
CRYM,280
TTC14,1746
CHKB-CPT1B,553
ESF1,2884
TFPI,181
ZUFSP,1564
MFSD8,1440
ALPK1,2448
EIF3A,1436
HBS1L,1216
ACOT13,613
BTBD6,162
RPA2,1308
LOC642869,2884
CCDC115,2884
FKBP15,2239
BASP1,2415
KLF11,3126
C19orf60,2784
SLC25A32,1436
SGK269,2216
CHIC2,2336
ETV6,2354
CHI3L2,6
PLOD1,783
NOD2,3551
C10orf119,1689
HLA-F,442
DDX18,2884
SEMA4D,1126
MIOS,1862
CPSF6,1436
S1PR3,295
MFAP1,2120
HNRNPF,1405
ZCCHC6,1061
RFX2,608
NDUFB5,1436
SLC9A8,2272
FAM105A,1612
TMEM14B,1235
MUSTN1,3509
MSH3,898
IPO5,2884
DKFZP586I1420,971
MRPS18C,3243
HOXB2,3088
FAM133B,1757
OGFRL1,1382
HIATL1,1689
SNX2,1838
RNF144A,3144
ARHGAP18,239
EXOSC10,2884
AMICA1,1175
MGA,2861
CIZ1,2077
OGT,1666
ACVR1B,2531
RYK,1436
ZFAND5,1206
JHDM1D,1374
HEBP2,2559
RAB18,1689
INSIG1,3391
IFRD2,2029
ERGIC1,1144
ABCD3,1444
OTUD4,1453
DNAJC2,1436
CARD17,522
BRP44,979
CARD8,1681
XRCC6,2884
NME3,2828
DHFR,681
ZNF282,3406
DDI2,2102
STT3B,1444
EED,1436
LYPLA1,1748
TTC7B,217
KCTD9,1896
KRCC1,1689
CXorf26,1391
C1orf85,3570
KLF4,1258
AAK1,2195
AATK,2443
FAM98A,1414
MAOB,236
ST3GAL6,1885
YTHDF2,2022
ADCY7,1421
RASSF4,2663
MT1F,23
UBAP2,2884
C11orf73,3298
WDFY1,1856
ARAP1,1093
SIPA1,2368
EHMT1,2723
GUCY1A3,207
VCL,227
LRRC8C,3345
PPP1R15B,1689
SRBD1,440
MRPL27,3314
CIR1,459
MEAF6,2884
EIF2C2,3472
TLN1,787
HMGB1,1689
MLF2,792
PLCL2,1237
CEP135,1697
EBAG9,2884
PRDX1,3159
OSTM1,1689
INPP4A,1952
BMP2K,2153
CSNK1G2,1073
SCRN1,3008
LAG3,737
ATP5J,3244
PNN,1689
GMFG,2464
PPM1B,1689
FLOT2,2408
GNAI3,1689
NUDT3,1908
PYROXD1,1689
UBL7,2008
RPL26L1,3273
SLFN11,1399
ARPC5L,1288
HSBP1L1,3648
ZC3H6,3150
FAM21A,3555
CYB5B,2884
GBGT1,3389
HIPK2,420
FAM98B,2884
TBCK,1254
TNFRSF1B,1074
RNF19A,1690
GDPD5,2164
POLR3K,3086
HSPBAP1,952
TMEM41B,1689
ARRB1,2683
ZNF167,854
FBXO38,1689
HCP5,446
FUS,3045
NAA15,2884
PM20D2,1516
KIAA1704,1461
RPSA,2848
PROSC,1291
UBR2,1176
METTL5,3215
C10orf54,2387
ATP8B2,2861
PIWIL4,711
UBE2D3,1714
NDUFA8,3306
DIP2B,3357
CRY1,1524
KLRC3,730
HDAC9,3133
TNFRSF25,2861
THOC7,1217
CENPM,2030
RBMS1,2530
WDFY4,3565
GNB4,1313
C18orf21,1945
OSM,2471
PTPN11,1710
IL2RG,746
CEP63,1026
GTDC1,2533
C1orf55,1204
USO1,1689
SGK223,2840
DGAT1,789
RBL2,1339
CDK1,657
HNRNPA2B1,1689
CHD7,2634
CIDEB,110
SPG20,1696
SP140,493
FAM49B,1689
TCF4,3545
ZNF397,1039
GLRX2,1948
ATG2A,343
TBCEL,2000
ANKRD44,975
C11orf31,2960
ZNF362,3135
ATL3,1619
C20orf199,3415
MPPE1,993
IL17RA,2370
TUBB6,3637
ID3,3072
SLC35A1,1705
NDUFB7,3299
SYCP2,1918
AFF1,542
SLC4A7,2861
GLOD4,2884
ANKRD27,1730
EIF1B,2072
WDR26,1973
TCF7L2,3368
PNKP,122
CYTIP,1380
C2orf79,3204
TIMP2,2387
DEGS1,1739
DAPK2,955
JUNB,2254
DHTKD1,2447
GNA15,849
LONRF1,1689
MLEC,2762
NCRNA00201,1494
UHRF1BP1L,2292
SEC22B,1702
AMPD3,1549
MVD,2108
TWF1,1689
IQGAP1,2381
B3GNTL1,798
EIF3F,2884
CPOX,1203
CCDC19,3562
DEFT1P,722
ATXN7,453
EIF3B,2081
MRPL10,2935
IMMT,2884
ARFGEF1,1689
NAPRT1,860
SNX9,3398
ARL8B,1689
HNRNPAB,2885
FGD4,2560
GFOD1,16
CCDC6,147
KIAA0368,2194
CYB5R1,164
SH3BGRL,3385
RAB31,2522
LOC729678,3090
FNBP4,2884
MAPKSP1,1689
GCC2,1522
RAB9A,1506
C6orf192,2112
CHCHD8,2848
LYZ,298
PI4K2B,3354
LOC644006,2884
SLC22A18,113
SLC15A3,1058
CCT7,2882
ATP5A1,2885
TRAF3IP3,3128
UCP2,2107
TNFAIP8L3,884
DAP,2115
SGPP1,1474
PARP1,2884
TMEM42,2903
PEX2,1689
INPP5A,3522
RPL4,2848
PHF20,1002
TFG,1841
AKAP13,981
PPIE,2884
MXD3,2267
SPG7,2724
RUVBL2,2826
LAPTM4B,228
CARKD,2980
KLF5,3505
NUP88,3096
TUBA1C,271
MDH1,2955
DENND5A,2306
EIF1AD,1386
ATP1B3,1542
WTAP,1689
CCDC55,1689
PCSK7,3034
RARS,2954
ZNF609,762
PTEN,2311
GADD45GIP1,3177
NRIP1,1807
IGFBP7,895
GNS,2289
VEGFB,2873
C1orf31,3226
GARS,369
NAPSB,3495
CSE1L,2884
KIAA0776,1689
PUM1,1428
SERINC1,1689
PHKA2,2227
IER3IP1,1444
PRIC285,516
CD244,2978
GCHFR,3510
C17orf71,1850
SLC4A1AP,1318
DNLZ,3402
RECQL,1689
PPA2,1568
C19orf12,3157
ATAD2B,1689
BTG1,1003
UBE2E2,3151
CLK4,1724
CRELD2,2643
GM2A,3508
NFE2,1538
STAM,1801
BTBD11,3111
CHKA,595
LILRB2,925
MYD88,2307
C7orf49,851
LCOR,986
TSC22D2,1686
N4BP2L1,1439
FBXL4,1239
ITGB1BP1,1932
PCMTD2,3446
LOC388387,3501
TNFSF4,257
PLGLB2,372
STAT5A,460
LOC100128868,107
RNF125,2861
JMY,3013
PTRH2,3473
COPS2,1209
TMEM50B,1495
MRPS26,2884
C11orf46,2884
QSER1,2988
MBTD1,1694
NEU1,2196
PTDSS1,2885
PPP2R5A,1903
MRPL21,3312
ZYG11B,2126
CD48,3441
UPF2,1681
TAPBPL,1193
DENND1B,1829
PRPF8,2800
NCF4,2412
YEATS2,1534
RPLP0,2848
CASP7,550
C6orf115,1535
FAM65B,2378
SLC7A6,2870
KIAA0892,2061
ATP6AP1,2235
NUDT16,2221
EFHD2,2361
DDX50,1436
C9orf167,2573
PPWD1,1689
MIDN,2365
C7orf50,3554
DCAF6,2011
TBL1X,1088
COPS5,3246
COPS4,3213
INO80D,1722
BMI1,1462
NUPL1,1689
VPS26A,1689
LOC653486,251
GLB1,990
ARNTL,1334
LOC649034,3653
BTBD1,1689
HMGCR,1681
FAM82B,1571
DOCK5,1105
FYTTD1,1689
CHD1,2212
TMEM192,1441
ZNF44,2179
PNO1,3439
SET,2884
DKFZp761E198,2377
ZNF268,1933
ZNRF2,1689
ACAT2,614
ATP5G2,2884
CDKN1A,270
SFRS3,1436
NCAPD2,124
LGTN,3044
RBBP4,2884
LOC647979,1814
FAM160A2,2603
TSPAN7,2143
RAD23B,2303
NUCKS1,2884
GNPAT,1581
RNF20,1274
CTSS,997
CD300E,318
HKR1,3015
JMJD6,2561
SYTL1,818
UBE2M,2199
XPO1,1491
HIST1H2BC,1190
TNFSF12-TNFSF13,324
LCP2,1368
SPCS3,3249
ZBTB11,1689
CCNT1,1233
RASA1,1689
UBE2V2,1689
MSL2,1342
DYNLT1,2459
SOCS2,3179
STOML2,2082
PIP4K2B,2793
MRPS34,2818
DDX39,2952
FXYD5,2785
RASAL3,820
LILRB1,313
SS18L2,3210
EIF3I,3287
UPB1,117
PARP8,1353
C5orf62,279
LTBP1,192
LSM3,3260
C16orf72,2316
CHCHD1,3294
C11orf51,896
BCAT1,97
CNBP,1681
PIK3CB,1840
THOC5,2436
TRERF1,3076
SQRDL,2542
TSPAN3,3060
XPC,1029
ANKRD12,1689
SHOC2,1689
EHBP1L1,606
ANKRA2,1689
REV3L,1016
TGIF1,3407
KARS,3108
FAM53C,2420
CCDC132,1436
CYP51A1,615
LPGAT1,2293
GATA2,815
IKZF5,1754
ZNF326,1881
ATMIN,1436
SPATA5L1,2119
ARL2BP,3017
MXD4,2018
GAR1,2884
TUBA1A,2435
HPS5,1513
CCDC88C,2896
SEC23A,1689
MRPL51,3297
MRPS30,2884
RABGAP1L,3494
RAB10,1630
GUSB,741
UBA7,539
PHF17,1034
FERMT3,2583
KDM1B,1792
FNBP1,1954
C15orf23,724
ARSG,1194
UNC50,1689
NDUFA12,2819
ZNF684,529
APP,3440
CNOT6L,2209
PLD6,3621
SRP19,1689
TMCC1,1030
M6PR,2884
EXOSC1,3311
ARID4B,1689
AURKA,678
MRPS15,3305
CD22,748
DYNC1LI1,1745
PLCXD2,2768
RAB33B,1689
MKI67IP,2884
GABARAPL2,1971
TTC15,742
STARD3NL,1689
GTF2F2,1570
UBE2N,1444
CLIC4,564
TBC1D2B,2202
IFI27L1,3443
TK1,688
SLC25A5,2885
MTMR6,1689
STRAP,1221
FAM110A,3445
CCDC47,1689
CRISP2,13
CHD9,1512
HERPUD2,1340
YIPF6,2011
C22orf25,2011
GNAQ,1610
FASTKD3,1774
NFAM1,2384
TAF15,2856
COMMD1,3288
CCNJL,2432
NDUFA9,3291
TLK1,1698
ANAPC1,2867
ARID3A,2392
UBL5,3200
FEM1B,579
CELF2,1355
ZFP62,1436
SPRED2,414
NCAPG2,675
COQ10B,1689
TMEM219,161
TRA2A,1521
FAM172A,1689
RNF19B,915
ACBD5,1689
CHST12,3506
PHACTR4,3341
HERC4,1689
GPN3,1797
CTU2,2269
JAK1,1956
CALD1,213
CNPY3,957
SEC31A,2804
KIAA0528,1689
AEN,3530
SNORA28,3558
ACTR2,2317
YBX1,2074
ABI1,1689
PTPRJ,2383
MYO7B,3426
KIAA1598,1268
ZNF706,1477
MRPL32,3279
CPM,96
STAM2,1689
DLEU2,1831
TARS,337
GRSF1,1436
MED11,2131
GSTM1,3084
PSMG2,2954
KAZ,73
PIP4K2C,2169
SUPT16H,2884
BOLA2,1901
HADH,2884
EEF2,2839
PPCS,1689
CDC14B,219
BID,755
RPL13P5,905
ARGLU1,1827
FPR1,2370
KIAA0391,3478
YIPF1,2408
DERL2,1944
ABCB6,569
YTHDF3,1689
VPS37B,1043
KHDRBS1,1436
C1orf122,900
TAX1BP1,1208
MAP1LC3B,3138
SLC30A6,1853
SYAP1,411
PRICKLE4,3196
FAM91A1,1689
DOK3,2407
ZNF101,1199
ATF6,2397
MTSS1,3098
GPRASP1,2989
BACE2,2198
GALNT10,3577
MYO5A,1836
RHOBTB1,201
STX8,3321
STRBP,2701
IGFBP2,3591
HIP1R,3052
FAM108C1,106
C12orf29,1201
AKR1A1,3175
PTMS,1998
CD300A,1171
QKI,1681
OXR1,1689
MYST1,1135
LAMP2,1680
C7orf26,2192
SERP1,1689
GRN,784
RABL2B,2866
ALKBH7,2690
B3GALT4,391
ZNF143,1810
PRDM1,807
MED12,747
MIF4GD,3087
CDCA5,665
ASRGL1,3450
CHST13,3620
MAP2K7,2009
NADK,1102
ZDHHC17,1689
ECE1,2393
PBRM1,1689
RTN1,3491
CCDC22,903
SSBP2,3040
CTDSPL2,1436
NOSIP,3036
TMEM203,2884
ACTR3,1689
ZDHHC6,1584
MAEA,2338
HOOK3,1755
TRIM28,2807
MAFF,3584
GFI1B,240
MRPL11,3303
TWIST2,3629
CNOT1,2110
PYCARD,958
GLYATL1,2010
LRRFIP2,1610
FLJ14107,341
KPNB1,1108
TRIM10,2011
AIP,3095
AGA,2208
USE1,3006
NUFIP2,1654
FCGR2A,2382
TRAPPC6A,3142
MRPL16,2957
TUBB,2692
ITPRIP,1054
LAT2,2300
POLR2I,2699
BRE,2237
RPL11,2847
NUP214,920
FAM63A,1048
C5orf39,837
KCTD20,3608
TULP4,2905
PKM2,847
ZNF593,3131
GALT,3064
C5orf45,3444
EIF3H,2884
SIRT5,2602
ABLIM3,200
C22orf13,2011
PRPSAP1,3075
ZBTB44,1920
ORAI2,791
NLRC5,541
NDUFA7,3300
POLR3GL,1846
CNN2,2434
TBCB,871
NSUN5,617
HIST1H2BG,169
MTHFR,3100
SNTB2,2617
CARS2,2167
IL18,3463
CAMKK2,2228
MRPL40,3228
DYNC1H1,2802
ATP1A1,824
ZNF581,764
TMEM138,2884
UTY,18
NCKAP1L,2236
C17orf76,2135
RPN2,2763
SETX,1384
RASGRP4,2414
CHORDC1,1778
RILPL2,916
NPRL2,2792
ACAD8,2637
MGEA5,1378
HSD17B11,1350
DTX4,3561
GSR,889
AATF,917
FAM110B,2217
GPSM3,2366
LOC100132247,973
MRPL1,3207
FTSJD1,1436
KIAA2018,1968
ANKZF1,379
ATP6V1B2,989
TGFB1,786
CASP3,1689
TMEM131,1319
DNAJC9,647
C16orf80,2884
MGAT4B,220
ZDHHC3,2555
SKA1,679
TSTD1,85
ZNF331,3042
ARHGAP25,1112
ERMAP,570
LYPLAL1,1806
CXorf38,2122
ALOX5AP,2548
DPM3,3322
NDE1,1121
MARK2,1055
CCDC76,2884
PUF60,2884
TCN2,98
FLVCR2,3416
ZNF350,1762
PTP4A3,386
CTNNA1,3476
EIF5B,2884
MRPL23,3315
PRPS1,2884
SLC9A3R1,1037
PTPN7,3448
PDCD7,2887
STARD7,2884
ABCC4,2144
SLC16A3,2423
CLEC3B,5
ASPHD2,519
ELL2,577
MAN2B2,1964
TFEB,1137
KIAA1430,2884
PTGIR,232
EXOSC6,3046
GOLT1B,1444
ALDH18A1,2923
HMHA1,1091
FAM30A,368
OXNAD1,2861
DENND3,2374
RPL21,3195
TMED2,1689
SPAG9,1359
PAPOLG,1689
ARHGAP15,2339
ATP5C1,3239
NMT2,2861
FBN2,3601
DEF6,1966
ARID5A,2250
PIGM,3061
PQLC1,2152
ASMTL,123
MYST3,2359
C8orf83,1874
PDIA5,367
HIBCH,1930
LMBR1,1563
ERICH1,2206
NEDD1,1824
CDC42EP2,3579
TRAPPC1,858
AP2M1,2011
LOC100133770,867
FNTA,1436
AGPAT5,1435
FLJ23867,422
IKZF2,2985
LOC731602,2908
SYNGR2,868
UQCRFS1,1289
CD200,752
COX5A,2955
POT1,1765
POP4,1290
ARHGAP30,1967
UNC119B,2943
HAUS1,3223
ARFGAP3,1780
PPAPDC2,1503
AKAP2,3146
PAM,3414
TRIM44,2884
AMD1,938
GCFC1,1436
FAM199X,1720
SERPINB8,901
NXT2,1612
SLC25A37,2079
FKBP2,3330
IPO7,2884
CCDC88A,1266
GTPBP2,433
VAMP7,1784
ZNF317,2811
GCNT2,573
DUSP12,1437
RPL6,2848
C1orf21,731
TTC19,2884
LOC339047,2915
CAMTA1,167
IMP4,2777
GCSH,370
IQCE,76
SERPINI1,3528
HLA-DOA,2707
PGM5,1
THEM4,2861
UNC119,1133
ITGB2,924
POP7,2121
ELF1,1345
ATP6V0C,2011
ROBLD3,875
SRP72,1436
RBM43,536
CCDC90B,1689
ANKRD58,3526
TRAP1,2981
NOMO2,774
C10orf137,1436
C19orf10,2644
PIAS1,1092
PSME1,468
SNRPE,3220
HSD17B10,2697
QRSL1,2917
PSMD12,1689
RPL7A,2848
DLEU1,2182
SLCO3A1,2389
SUZ12,1689
EFTUD2,2756
GAL3ST4,2767
AFAP1,3652
C7orf11,1582
UBFD1,2618
MFSD5,2190
MLL5,1359
TNFRSF10D,87
GNL3L,3422
TBC1D23,1689
BCL2L12,771
NF2,2983
GDE1,2114
ABCC5,100
CMBL,2155
MLL3,1095
FYB,2452
SERPINB6,761
TMEM45B,2
HDHD1A,3384
ZC3HAV1,546
WDR6,3115
DNTTIP1,2301
CIB1,3026
TAB2,1555
CCDC82,1689
SPOCK2,2861
TMEM19,2884
SNAPIN,2174
CNOT8,1689
USP15,1820
SLC23A2,3374
RSL1D1,2884
ZMAT1,1869
CTRL,464
C3orf14,3605
AHSA1,833
PALLD,3600
NT5C3,559
ATG12,1689
CREBL2,1230
PDHB,2967
TRIT1,2891
NPCDR1,3148
GIT1,1984
MAP3K5,2446
ITSN2,1681
GPATCH1,3039
ZFC3H1,1328
POM121,2801
SP3,1681
SSR4,3320
SFRS6,1463
VASP,2365
SFRS13A,1436
CRTAP,2671
CYP1A2,1986
C11orf54,1689
LSM6,1278
CTBP2,2285
ZDHHC4,3178
ALDH9A1,1013
PRKCD,2390
UROS,2178
EPB41L3,1271
DPY30,3253
TMEM91,2233
PATL1,441
GCC1,918
PLSCR3,2941
DRAP1,547
MRPS21,2847
POLR2H,2946
PTPN1,2581
NARS,1436
NCOA1,1099
APOA1BP,2878
PABPC1L,1189
PRSS33,597
HCST,3156
MRPS36,3278
BBX,443
KRT33A,1987
PTPRE,2396
LPPR2,1046
TNNI2,797
ZBTB1,1436
KIAA2013,961
ALG8,2972
FAM38A,2918
PCDH1,2128
DCXR,3461
LSP1,1041
FAM48A,1371
LIPT1,1525
H6PD,3489
TRA2B,1436
SHFM1,3229
RPL29,2848
PGP,2691
PCNT,3186
YPEL5,1578
FH,3038
TRIM25,2352
TFIP11,382
COL18A1,3575
SCAI,1917
RPP30,2969
PEA15,3002
PSMA5,3285
S100A8,2549
ATP7A,3379
ERV3,3617
NRG1,26
CASD1,1471
MLL,2861
MR1,2458
NDUFV1,2830
SFXN3,328
MRPL54,3316
CS,2757
NGDN,1518
DDX41,2689
CEBPG,3336
BET1L,3080
FAM136A,2900
ATF7IP2,2916
CCDC71,3412
CCNG2,1689
XPNPEP1,272
AKT1,976
ZNF557,3081
C12orf39,246
VPS29,3247
FYCO1,3059
ZNF346,2056
DDA1,873
Septin 14,600
MRPL37,2630
RABL2A,2877
C9orf119,286
EEF1G,2848
Septin 7,1689
SDR39U1,2884
ITGB7,2861
TMPRSS9,2191
KIR2DL1,32
SOD2,426
CXorf23,1706
ABCA5,3417
IKBIP,1375
RASGRP2,2132
SNX12,897
RFFL,940
TNRC6A,2884
DDX20,1467
F11R,1163
IAH1,3276
KDM1A,2930
CSK,1084
CGGBP1,1689
AASDHPPT,1436
AP3S2,112
DCAF10,1234
SLC2A6,394
MAP4K4,2282
CLDND1,1644
HEATR2,2884
SERPINA1,2413
C5orf15,1689
ARPC1A,1324
MVP,2430
BDH2,3335
PIK3CG,2346
OR2T34,1995
HIVEP1,1927
B4GALT4,1280
HCFC1R1,804
UBR5,1689
DDOST,2885
APOBEC3C,2345
KRI1,2861
DCTPP1,773
LILRA1,315
RCSD1,3431
GALNS,799
TREML2,2252
CCNC,1689
TMEM2,1611
HIRA,3375
AVL9,2599
ATF5,3592
ZNF175,3147
POLR3E,3164
MTX1,2270
HMG20A,2884
MAP7D1,1129
ANKFY1,494
GTPBP3,2890
KRTAP10-8,2010
BTN2A1,1330
PXN,2370
CLSTN1,2841
ASF1A,1496
NKRF,1442
SYN2,3376
CYB561D2,3141
N4BP1,2394
IGSF6,2613
ABI2,2771
ITPA,2817
CLTC,1320
C2orf42,3033
SYVN1,3183
PMAIP1,3432
C22orf9,2624
RDH13,3077
NDUFS7,2698
RNF149,1680
ASAP1,2433
CGB,2010
FAM118A,3511
CD79A,2709
TM2D3,1689
TRIM34,1314
RUFY2,3166
POLE,49
TLR10,142
SDF2,2578
GLUD1,2884
ACADM,1444
RABAC1,2232
KTN1,1444
CPNE8,1924
RHOT1,1787
DNAJC15,3331
SUCLG1,1947
NOP10,2619
QDPR,2897
BPTF,1959
COG1,2717
ZNF181,1508
C6orf130,1489
SMARCA4,2805
MSL1,2284
CMTM4,2594
AEBP2,1438
NDUFS3,3308
LOC728622,2096
RPS27A,2848
MTMR15,2949
MPP7,1876
RAD21,1341
STAG3L1,3105
NUDCD2,1484
SS18L1,1497
SLFN12,3397
ADNP,1686
ORC4L,1708
MTHFD1,3037
EIF4B,2884
EMP3,765
PRKAR1A,1689
ARHGEF6,819
NTAN1,2189
UBXN7,2123
COX17,3277
LYRM5,1707
CCDC84,2973
DOHH,2101
RARS2,3382
OSGEPL1,2861
ILK,253
ADH5,1436
TFB2M,1451
SLC25A20,1890
ZWILCH,650
ZSWIM7,3464
SNX16,1689
TOR1AIP1,1689
ZC3H11A,2193
RAB2A,1689
MFN1,1689
RAPGEF6,1309
MGRN1,1044
ARMCX6,284
ITPR1,1545
LCE1A,1985
NUDC,2979
SFRS15,2814
OXER1,3580
BCAS2,1478
HIST1H4H,132
ZNF234,3004
PAN2,2992
GATAD1,2812
MAP3K7,1689
G3BP2,1735
PLEK,430
ABP1,3531
ZNF562,2760
VAV1,2362
EIF2B3,2996
CYB5R2,3566
LIMS1,226
C6orf105,3582
GALNT4,1620
C15orf39,1075
KTELC1,2884
SH3KBP1,1955
LOC339803,3498
EML3,969
FBXW11,1689
VKORC1,163
TUBA4A,793
POLK,1612
LOC150776,2884
POLR1B,2884
NCEH1,115
CBL,2385
ZNF654,1744
PHF1,3576
RC3H1,2287
CCND3,2576
DDX59,1689
NOLC1,2884
BHLHE40,3587
MEPCE,3347
TMF1,1689
TNFRSF10A,3507
BLMH,2884
HIGD2A,2827
SLMAP,1685
ABTB1,956
ATHL1,381
TRRAP,2938
C7orf25,3373
EIF3C,3014
ZNF276,408
RTCD1,1662
C15orf5,108
MLLT4,3635
YEATS4,1877
SPRY1,3594
TMEM9B,1227
CPEB2,1821
SLC25A36,2884
TSFM,2884
RPL24,2847
C19orf53,3313
FNIP2,304
SYT11,102
DAAM1,3435
IRAK4,1689
HIST3H2A,580
CATSPER1,78
ADAM17,1187
R3HDM2,1961
VPS25,872
TRAFD1,495
FZD2,327
RPS10,2847
ZRANB1,2094
PSMC5,2758
CLN5,1551
ATP5D,2822
SDHC,2479
DPP3,103
KIAA0831,1981
CPNE2,66
METTL8,2976
C7orf28A,1689
YY1AP1,2011
PEX19,1888
RAB8B,1612
ANLN,672
LILRB4,314
TF,2075
MAST4,3595
GRK6,2504
ZFP64,2984
POLRMT,2842
ANKRD36,2861
OXSR1,3350
IKBKAP,2974
C20orf30,1436
SLC26A6,159
SH2D1A,2745
PSMB2,3286
ATP13A5,3451
PLA2G12A,184
PNOC,364
SSH1,2421
PLCG2,1131
ATP5O,3292
FTSJ3,3167
SAT1,1285
NUB1,489
RNF6,1689
TNIK,2993
TUFM,2829
DENR,1689
PADI2,2631
EVPLL,2010
TMEM38B,1866
CHCHD3,3123
LAMC1,28
MAGT1,1712
EPPK1,3643
NAPA,3388
LOC729852,1689
STAMBPL1,3349
GPD2,1915
TGIF2,2991
TARDBP,2884
PGK1,1605
EP300,1346
ADORA2A,118
EXOSC3,1921
ACSM3,578
LUC7L3,1436
PREP,2965
STIP1,834
CRX,1996
ILF2,2955
RGL2,1109
CISD1,3470
SLU7,1689
STK10,1085
SKI,1147
TRPV2,154
TEP1,1275
FBXW4,2636
GRHPR,3163
SHPRH,1452
PIK3IP1,2868
C14orf2,3234
C1orf25,1689
THEM5,3429
RAB22A,1686
PRDM8,809
ILKAP,2931
NUDT1,2141
RPF1,1431
CLVS1,1914
SETD1B,1028
KDM3B,1333
GNA13,1689
TCEB1,1612
LXN,3400
COX7A2L,1844
MAD2L1BP,432
PIK3C3,1321
KBTBD2,1677
ARHGAP19,1938
C9orf80,1481
DDX5,1666
INTS4,2725
SLC22A15,1813
PELI2,1335
VTA1,1689
MKRN2,1487
ZNF33A,1370
FAM164A,3172
SLC24A4,40
TTC37,2884
ACPP,3352
ORMDL1,1689
SEC24C,2197
LIMD2,1130
EBF1,749
ZC3H15,1640
CWC22,1726
ERCC1,2682
selenoprotein 15,1689
SETD7,296
PPP2R5C,1798
PANK3,1307
DBNL,2503
TNF,3590
RFX5,2884
MRPS28,3274
CAST,1322
API5,1444
ANP32A,1969
DENND4C,1443
PRRC1,1436
KDM4B,1089
RMI1,1689
SLC26A11,3458
IRF2,1559
DENND2A,45
BCL11A,2704
TWSG1,289
NCR1,3625
DHRS4,2665
PRAMEF1,2047
TC2N,2769
GNE,3339
ZEB1,934
GLT25D2,1904
CYorf15B,21
CCDC43,3231
CCNY,950
CYTSA,842
DNAJB4,572
DHX32,116
GFOD2,725
TCIRG1,1051
ZNHIT6,2884
WDSUB1,1511
NCF2,2356
CAPZB,2238
GMPR2,2444
MRPS18B,2884
CLIP1,2317
TBKBP1,796
ITGAL,1038
APLP2,928
RREB1,1899
PAQR8,2876
SART3,2884
UNCX,2026
NAA30,3170
ATM,3019
PEX5,3401
TMED5,1689
MKI67,669
RAB12,1879
INTS12,1875
PJA1,2884
TMEM38A,29
TCP1,835
THAP11,769
PPP2CA,1689
NECAB2,3392
UBLCP1,1685
ATP5L,1642
ZNF613,1887
RHOG,2406
ISG20L2,1957
TMEM229B,551
BTK,1295
IGLV8-61,3351
EGF,208
MRPS22,3240
TAOK1,2207
FGGY,899
VDR,1173
KRAS,1587
SPATA13,2449
TRAM1,1444
SFMBT1,3479
PI4KA,2799
IFI27L2,152
NPEPPS,2288
DDHD2,2907
GATA3,2861
C19orf66,496
BTN2A2,535
MRPS9,2933
PFN1,878
KIAA0174,1338
NDUFS6,3309
RBM42,383
GTF3C5,104
EIF4ENIF1,1937
GPSM2,715
SLC24A3,254
TOP2B,2884
MYEOV2,3293
PDE12,1436
ZC3H12A,3557
C12orf62,3317
C16orf68,3424
KIAA1958,531
GNPTG,1982
NUDT21,1436
SLC48A1,2011
ATF1,1689
GPATCH8,2815
FBXO32,3048
MRPL17,2970
SHMT2,2880
INTS6,1626
NDUFAB1,2955
NOL8,2884
MCCC1,2898
PRIM1,3063
RNF160,1689
USP25,1576
RPS6KA1,2406
DHX40,1231
HSD17B4,3185
ACTR10,1689
MAPK3,1042
CEBPD,2296
N4BP2L2,1689
METTL14,2138
TCTN1,3043
C5orf22,1242
MDFIC,1434
CENPF,676
ZCCHC8,1520
EVI2B,1350
FAM100A,2053
PPP1R2,1667
POLR2L,1247
BRI3,2450
SNRNP200,2799
SLC27A2,50
MAP3K1,2154
TTC33,1689
CAPN12,11
LQK1,3468
RPL8,2848
CD83,3578
PWP2,2994
SAMM50,2824
PXK,2419
SNN,285
OSGIN2,145
SNX18,1773
HSD17B8,3066
HSD3B7,3413
MED26,2118
C5orf25,1527
IL11RA,3005
UFC1,3319
RDX,1253
IREB2,1689
NDUFB6,756
ANKRD10,1485
EIF4EBP1,2650
DDX56,2932
CD200R1,3492
HIST1H4K,149
GCNT1,639
ATP5I,3295
GRK5,3581
CSF2RB,1560
POLE3,2885
C17orf103,3408
C20orf94,120
NFS1,3050
RNF2,1788
NBPF8,3110
PRPF38B,1695
CRYZL1,1891
HAVCR2,3466
FBN1,3515
RASGRP3,751
RPS15A,3268
KRT222,1388
RTN4,1689
BOP1,2010
C7orf47,3372
ISCA2,3328
TRIM14,527
ARRB2,2428
PPP1R8,1436
TSSC1,772
RRP12,3482
KLHL9,1711
MACF1,739
CCNE2,680
UBN1,1107
PHB2,2958
PWP1,2884
ARMCX3,1733
TMEM223,3054
TRAPPC6B,1689
WIPF1,1358
TNPO3,2467
CHRFAM7A,3563
FLJ42393,3632
CCDC117,1775
RPP21,3025
DUS2L,114
KPNA3,1424
KIAA0226,515
ARRDC5,86
CLK2,2809
PBX3,1929
MFSD11,1622
TMX2,2883
CUL3,1689
STX2,3346
IDH2,3055
MTDH,1389
CYTH4,2438
S100B,3618
EIF2B4,2759
ABCE1,1434
TPP2,2884
G3BP1,2884
GMFB,1689
BRD8,1953
KIF2C,673
PPPDE1,1425
RFXANK,805
CDK5,887
CAMK2G,1122
PMF1,378
TM9SF2,1689
SF3B2,1962
VPS33A,3380
RNF144B,2628
PTPLB,1436
CSTF2T,1845
LHFP,267
FAM160B1,1723
SLC7A1,2171
NOMO1,775
CCT5,1293
NDUFB10,3323
EIF4G2,1688
RPS29,2847
POU2F1,3395
NSFL1C,1052
SMC1A,3169
PDE6D,1292
PPM1F,1077
ADCY4,342
FAM111A,3158
NSMCE4A,2884
ROCK1,1689
ETF1,1804
TRIM24,1922
SRRM2,972
PIK3R4,1536
NGLY1,1689
S100A4,964
TNXA,2045
DNAJC14,1406
HELB,88
LDLRAD3,92
TTC17,2810
SHISA4,3365
PFDN4,388
EIF2B1,2884
NBPF1,3031
DHX36,1988
KIAA1967,3027
GADD45B,2616
FAM96B,3307
TNK2,3496
FHOD1,743
ITSN1,2187
TMEM206,1482
LYST,1040
CNOT7,1436
HINT2,3129
RLF,1248
C6orf120,1689
HOMER3,30
HN1,2426
HIST1H2AD,128
LACTB2,1479
ETFDH,1931
PIGY,1854
ZNF324,380
PISD,1083
HCLS1,2431
TIMM17A,1410
APOBEC3D,1830
WDR73,3011
PIK3C2A,1686
EPHB1,812
KLF2,1036
SLC5A9,3564
EPC2,1689
UBXN4,1685
SLC12A6,2332
GOLGA1,2562
CANX,1492
OIP5,667
CD300LB,2653
HPCAL1,3586
ASB3,3109
MGC39372,3623
EBI3,3540
TOP1,2184
RBM18,1751
STRN3,1689
RNF157,2790
C14orf153,3535
COG5,1983
CCDC127,3442
BET1,1444
NCOA5,3012
GORASP2,2884
KDM2A,2360
CASP8,1363
GDF15,576
PSMG1,3227
PPIL1,1925
BTLA,753
ZNRF1,3459
DERA,1878
RRBP1,3517
TEX10,2895
SLC38A2,1689
SPHAR,173
CTSE,2200
C2orf28,3310
C9orf91,3187
RPL10,2848
MED18,2185
BAG4,1700
RTL1,2133
AHCTF1,1372
GTPBP6,2823
CCDC142,3202
VEZF1,1681
TES,2134
MCM7,2693
ATXN10,2892
AGK,2939
RAP1GAP2,991
C3orf37,3058
ANKDD1A,3614
WDR75,2884
RTF1,2140
SACM1L,1689
FAM3C,1435
TSC22D4,1057
PPIL5,3332
ADCK4,3419
ARID1B,3018
KLHL28,1791
TMEM45A,3645
TMEM88,609
LOC100129637,2940
MOBKL2B,48
GTF3C3,1493
AFF4,1689
BCR,67
RAB3GAP2,1689
PGLS,962
C4orf27,1572
PHF5A,3272
SLC6A19,2050
MYL6B,691
DCLRE1C,2150
TRAPPC5,1381
TNFSF8,3529
ZBTB24,2997
ATP2C1,1781
UBAP1,3049
PPP1R15A,3504
NFX1,2884
CMTM3,2188
EXOSC9,2975
NCK1,1687
C9orf123,2852
MED21,1646
AKAP8L,399
C17orf62,2400
USP16,1436
SUSD1,165
NXF1,2176
C2orf47,1585
STRA13,3318
KIDINS220,1743
AGXT2L2,3453
CRNKL1,1689
ZNF428,2629
UBE2D2,1721
MCCC2,2838
MYB,708
LRP10,3132
RAB11FIP4,1146
APOO,3597
TUBB2C,2129
ZNF264,3130
CEP120,1544
SLC1A3,3182
PDE7A,1403
MLH1,2696
NEK1,3120
TREML4,3649
KCTD21,2290
INPP5K,2046
ZNF710,1188
TMEM167B,1588
TNRC6B,1120
HSPA1L,1191
ATP5G3,2955
ZNF773,3143
ZNF512,2950
TRIM38,492
RPRD1B,1407
CCAR1,1436
ATP6V1D,1236
TMEM57,568
ZNF862,3572
IL10RB,2410
LOC100289135,403
RFWD2,2317
LSM10,3552
ETNK1,1689
JUP,3639
TCF25,970
TGDS,1447
NUP85,2934
SIK2,3022
RPS20,2848
FASTKD2,2901
PLEKHF1,2648
CNTLN,3534
DIAPH2,866
ECH1,3145
MTR,2861
OSGEP,3001
ZSCAN16,3390
NT5C2,2342
PSMD7,874
IL17RC,2010
RNPEPL1,1928
PRPF38A,1586
MLLT6,838
LOC391358,3070
ELMO2,2611
INTS10,2149
GLRX3,2953
IPO9,2995
KLF13,1963
LMNA,233
THADA,3091
BRIX1,2884
KIAA1310,3020
RPS26,3474
RAG1AP1,2161
GLTP,2247
EPS15,1689
EXOSC7,2926
HSBP1,3251
TP53RK,3162
DNAJC7,3289
CARS,2148
BATF3,7
PHF21A,2398
PRSS23,2739
EIF2S3,1500
TXNDC11,365
CUEDC2,3325
CABLES2,71
FCHO2,1809
CFLAR,2370
MSR1,4
PSMB4,2063
YIPF2,2011
RSPH10B2,1895
PPAPDC1B,3083
ATP5J2,3199
SLC16A5,111
LAMP1,2170
USP33,1742
ATAD2,686
DNAJB6,1761
CCDC45,2948
LTBR,308
NOV,816
PRKCB,992
MTM1,1717
GFI1,51
RSU1,256
PACSIN2,2340
GCET2,3000
IBTK,1436
SNX19,3343
PRKD3,1480
SLC35D2,3481
CCDC28A,1842
ZFP36,2308
ANKRD11,1960
CDK4,2878
ROCK2,3386
DEDD2,400
TAF9,1640
ORAI1,384
TTC27,2893
PAN3,1362
TRPM6,3455
NR1D2,2863
CERK,3460
EIF4E,1689
GLO1,1413
NETO2,3593
NDUFAF3,229
PRPF3,3487
TUFT1,3624
RAB14,1731
KIF2A,1923
ANAPC5,2821
BAT2L2,1958
LOC375190,2248
SNHG9,3607
COTL1,923
SMPD3,598
EZH1,987
FAM114A2,1673
NNT,1436
ZNF671,3118
RAB34,325
RANBP6,1689
ZAP70,2861
ZNF8,3418
DHRS7,2294
TNFRSF8,3497
MFF,1606
MALAT1,1299
FBXW5,392
SMARCA2,1393
SLC39A6,1436
UGP2,1612
C10orf18,1436
LYN,2379
SFRS16,2172
PPP1R14A,244
C19orf52,3107
RELA,344
C19orf63,2761
C1orf152,43
PAXIP1,1488
FGD3,1087
PRR5,2048
SLC31A1,3604
USP32,3030
FAM173A,3139
MRPS31,1949
AP1AR,1740
CDKN2D,3035
RPS13,2848
FOXP1,1005
FBXO9,2163
NFATC1,3032
TCEB2,1344
ERG,706
