gene,in_immune_set,in_mars1_deg
MAF1,False,True
LCK,True,True
HAVCR2,True,True
DES,False,True
GMPR,False,True
GATA1,False,True
CD8A,True,True
CDC34,False,True
FCGR3A,True,True
DPM2,False,True
EPB49,False,True
BCL2L1,False,True
KRTAP5-2,False,True
HLA-DMA,True,True
CD74,True,True
CD3G,True,True
HPS1,False,True
HLA-DQA1,True,True
CD3D,True,True
HLA-DMB,True,True
HLA-DRA,True,True
CD14,True,True
FKBP8,False,True
GLYATL1,False,True
CGB,False,True
FIS1,False,True
HLA-DRB1,True,True
FOXO4,False,True
DUX4,False,True
C2orf24,False,True
BAT3,False,True
GZMK,True,True
ELOF1,False,True
IL7R,True,True
FUNDC2,False,True
