gene,corr_with_death,abs_r
ELANE,0.1701067008599551,0.1701067008599551
LCK,-0.16679024580972196,0.16679024580972196
CD74,-0.16349465126881005,0.16349465126881005
HLA-DRB1,-0.16150894865158444,0.16150894865158444
FCGR3A,-0.16066941247595257,0.16066941247595257
CCL5,-0.15882425900782726,0.15882425900782726
MPO,0.15179492161866834,0.15179492161866834
MYD88,-0.14388554109378812,0.14388554109378812
HLA-DRA,-0.1436425236277017,0.1436425236277017
CD14,-0.14089181622083716,0.14089181622083716
IRF1,-0.14045597135928337,0.14045597135928337
HLA-DMA,-0.14044329192961444,0.14044329192961444
LYZ,-0.1375068522440374,0.1375068522440374
CD3G,-0.13729109368513315,0.13729109368513315
CD3D,-0.13238754675328662,0.13238754675328662
NFKB1,-0.1296509314570891,0.1296509314570891
CD3E,-0.12927372019378489,0.12927372019378489
HLA-DMB,-0.12290815650313465,0.12290815650313465
HLA-DQA1,-0.11790917753673205,0.11790917753673205
TNF,-0.11774955985005923,0.11774955985005923
CR1,-0.11729197040349931,0.11729197040349931
CD86,-0.10974768733445696,0.10974768733445696
SPI1,-0.1022666145271754,0.1022666145271754
CD8A,-0.09980133390795472,0.09980133390795472
ITGAM,-0.09859137890226884,0.09859137890226884
MARCO,-0.09732130240378832,0.09732130240378832
IRF7,-0.09609829384546931,0.09609829384546931
IL7R,-0.09584758869315217,0.09584758869315217
CD8B,-0.09436072171299656,0.09436072171299656
S100A8,0.09076708485000527,0.09076708485000527
