pert_id,rescue_score,wtcs,canonical_smiles,pubchem_cid,pert_iname,rescue_pct_rank,rescue_rank
BRD-K25841245,0.2464106137102301,1.155768225934226,CC[C@H](C)C(=O)O[C@H]1C[C@H](O)C=C2C=C[C@H](C)[C@H](CC[C@@H](O)C[C@@H](O)CC(O)=O)[C@H]12,22833647,pravastatin,0.0008328026257776907,17
BRD-K11528507,0.2370287911458448,1.111763577522367,CO[C@H]1C[C@H](C)CC2=C(OC)C(=O)C=C(NC(=O)\C(C)=C\C=C/[C@H](OC)[C@@H](OC(N)=O)\C(C)=C\[C@H](C)[C@H]1O)C2=O,5288382,geldanamycin,0.0012247097437907215,25
BRD-K13571841,0.158888415856795,0.7452527297880903,CC(C)C[C@H](NC(=O)[C@H](C)NC(=O)C[C@H](O)[C@H](CC(C)C)NC(=O)[C@@H](NC(=O)[C@@H](NC(=O)CC(C)C)C(C)C)C(C)C)[C@@H](O)CC(O)=O,-666,pepstatin,0.01724391319257336,352
BRD-K83988098,0.1454130061949143,0.6820474559399283,CO[C@H]1C[C@H](C)CC2=C(NCCN(C)C)C(=O)C=C(NC(=O)\C(C)=C\C=C/[C@H](OC)[C@@H](OC(N)=O)\C(C)=C\[C@H](C)[C@H]1O)C2=O,5288674,alvespimycin,0.024837113604075835,507
BRD-K68386748,0.1357054886492815,0.6365151626551299,ClC(Cl)=C(Cl)Cl,31373,tetrachloroethylene,0.032626267574584825,666
CMAP-T2DTUNICAMYCIN,0.131345493888313,0.6160649745155358,-666,-666,tunicamycin,0.03674129231372165,750
BRD-A56702968,0.1220269591519328,0.5723571723295554,C[C@H]1O[C@@H](OC2CC(O)C(C(O)CC(=O)CC(O)C(O)CCC(O)CC(O)CC(O)CC(=O)OC(C)C(C)C(O)C(C)C=CC=CCCC=CC=CC=CC=C2)C(=O)O)[C@@H](O)[C@@H](N)[C@@H]1O,71312688,nystatin,0.04580414441777299,935
BRD-K08229828,0.1215132276217142,0.5699475578639002,CC[C@H](C)C(=O)O[C@H]1CCC=C2C=C[C@H](C)[C@H](CC[C@@H]3C[C@@H](O)CCO3)[C@@H]12,29922189,mevastatin,0.04668593543330231,953
BRD-K39716612,0.10093247348612,0.4734152643172579,CC(C)n1c(C=C[C@H](O)C[C@H](O)CC(O)=O)c(-c2ccc(F)cc2)c2ccccc12,1548972,fluvastatin,0.0767158183510508,1566
BRD-K70578146,0.098871188934403,0.4637469827704041,CC(C)[C@H]1NC(=O)[C@@H](NC(=O)c2ccc(C)c3oc4c(C)c(=O)c(N)c(C(=O)N[C@H]5[C@@H](C)OC(=O)[C@H](C(C)C)N(C)C(=O)CN(C)C(=O)[C@@H]6CCCN6C(=O)[C@H](NC5=O)C(C)C)c4nc23)[C@@H](C)OC(=O)[C@H](C(C)C)N(C)C(=O)CN(C)C(=O)[C@@H]2CCCN2C1=O,457193,dactinomycin,0.08058590114142948,1645
BRD-K32403583,0.098449215744481,0.4617677530701709,CC[C@H](C)C(=O)O[C@H]1CCC=C2C=C[C@H](C)[C@H](CC[C@@H]3C[C@@H](O)CC(=O)O3)[C@H]12,40488233,mevastatin,0.08132072698770391,1660
BRD-K16485616,0.0976331486846462,0.4579400592716489,Nc1ccccc1NC(=O)c1ccc(CNc2nccc(n2)-c2cccnc2)cc1,9865515,mocetinostat,0.08313329740851418,1697
BRD-K28026280,0.0974075997417623,0.4568821409553346,CCC(C)(C)C(=O)O[C@H]1C[C@@H](C)C=C2C=C[C@H](C)[C@@H](CC[C@@H]3C[C@@H](O)CC(=O)O3)[C@H]12,73707467,simvastatin,0.08347621613677558,1704
BRD-K29313308,0.0971167873252522,0.4555181098137831,CC(=O)Nc1ccc(cc1)C(=O)Nc1ccc(F)cc1N,-666,HDAC3-selective,0.08372115808553372,1709
BRD-M15413738,0.0967519111705549,0.4538066889474074,CN[C@H]1[C@H](O)[C@@H](O)[C@H](CO)O[C@H]1O[C@H]2[C@H](O[C@@H]3[C@@H](O)[C@H](O)[C@@H](NC(=N)N)[C@H](O)[C@H]3NC(=N)N)O[C@@H](C)[C@]2(O)CO.CN[C@H]1[C@H](O)[C@@H](O)[C@H](CO)O[C@H]1O[C@H]2[C@H](O[C@@H]3[C@@H](O)[C@H](O)[C@@H](NC(=N)N)[C@H](O)[C@H]3NC(=N)N)O[C@@H](C)[C@]2(O)CO,73707353,dihydrostreptomycin,0.08426003037280165,1720
BRD-K08327065,0.0949095948175948,0.4451654592909031,NC[C@H]1O[C@H](O[C@@H]2[C@@H](N)C[C@@H](N)[C@H](O[C@H]3O[C@H](CO)[C@@H](O)[C@H](N)[C@H]3O)[C@H]2O)[C@H](O)[C@@H](O)[C@@H]1O,6032,kanamycin,0.08808112477342869,1798
BRD-A11702965,0.0948252488266337,0.4447698415256213,CO[C@@H]([C@H]1Cc2cc3cc(OC4CC(OC5CC(O)C(OC)C(C)O5)C(OC(C)=O)C(C)O4)c(C)c(O)c3c(O)c2C(=O)[C@H]1OC1CC(OC2CC(OC3CC(C)(O)C(C)C(C)O3)C(O)C(C)O2)C(O)C(C)O1)C(=O)[C@@H](O)[C@@H](C)O,73707419,chromomycin-a3,0.08847303189144173,1806
BRD-A58837096,0.0913945617097796,0.4286784926057054,NC[C@H]1O[C@H](OC2[C@@H](N)C[C@@H](N)[C@H](O)[C@@H]2O[C@@H]2O[C@H](CO)[C@@H](O)[C@H]2O)[C@H](N)[C@@H](O)[C@@H]1O,73707473,ribostamycin,0.09611522069269583,1962
BRD-A73909368,0.0898906549850067,0.4216245448025261,CC(C)C1NC(=O)C(NC(=O)C(C(C)C)N(C)C(=O)CN(C)C(=O)C2CCCN2C1=O)C(C)OC(=O)c1ccc(C)c2oc3c(C)c(=O)c(N)c(C(=O)OC(C)C4NC(=O)C(C(C)C)N(C)C(=O)CN(C)C(=O)C5CCCN5C(=O)C(NC4=O)C(C)C)c3nc12,-666,dactinomycin,0.0994464311958066,2030
BRD-K78599730,0.0878760143791957,0.4121750427546503,CCCC[C@@H](C)/C=C(\C)/C=C(\C)/C(=O)NC1=C[C@@](O)(\C=C\C=C\C=C\C(=O)NC2C(=O)CCC2=O)[C@@H]3O[C@@H]3C1=O,-666,manumycin-a,0.10463920050947925,2136
BRD-A32349859,0.086477719344102,0.4056164576851637,COC(=O)CC1C(C)(C)C(=O)C[C@@H]2O[C@@]34CC(=O)O[C@@H](c5ccoc5)[C@]4(C)CCC(C3=C)[C@]12C,-666,methyl-angolensate,0.10787243423308676,2202
BRD-K33396764,0.0811389232064313,0.3805752841425487,CC\C=C/C\C=C/C\C=C/CCCCCCCC(O)=O,5280934,alpha-linolenic-acid,0.12139322980453633,2478
BRD-A42383464,0.0792597058144483,0.3717609732710568,CC(C)C1NC(=O)C(NC(=O)c2ccc(C)c3oc4c(C)c(=O)c(N)c(C(=O)NC5C(C)OC(=O)C(C(C)C)N(C)C(=O)CN(C)C(=O)C6CCCN6C(=O)C(NC5=O)C(C)C)c4nc23)C(C)OC(=O)C(C(C)C)N(C)C(=O)CN(C)C(=O)C7CCCN7C1=O,2019,actinomycin-d,0.1267819526772155,2588
BRD-A52886023,0.0787778052416714,0.3695006592298366,CCCCCCC1[C@@H](OC(=O)CC(C)C)[C@H](C)OC(=O)[C@@H](NC(=O)c2cccc(NC=O)c2O)[C@@H](C)OC1=O,16218979,antimycin-a,0.12825160436976438,2618
BRD-K30097969,0.0779952400862569,0.3658301032917914,O[C@H](C[C@H](O)/C=C/c1c(nc2ccccc2c1c3ccc(F)cc3)C4CC4)CC(=O)O[Ca]OC(=O)C[C@H](O)C[C@H](O)/C=C/c5c(nc6ccccc6c5c7ccc(F)cc7)C8CC8,11251522,pitavastatin,0.13079900063684907,2670
BRD-A74771556,0.0718128702857278,0.3368322185463333,CC(C(C)c1ccc(O)cn1)C(N)C(=O)NC([C@H]2O[C@H]([C@@H](O)[C@H]2O)N3C=CC(=O)CC3=O)C(=O)O,24151277,nikkomycin,0.15108019399402342,3084
BRD-K52431530,0.0716415535319934,0.3360286717446959,CO[C@H]1[C@@H](CC(=O)O[C@H](C)CC=CC=C[C@H](O)[C@H](C)C[C@H](CC=O)[C@@H]1O[C@@H]2O[C@H](C)[C@@H](O[C@H]3C[C@@](C)(OC(=O)CC(C)C)[C@@H](O)[C@H](C)O3)[C@@H]([C@H]2O)N(C)C)OC(=O)C,23581794,josamycin,0.1517170430607946,3097
BRD-K05350981,0.0702064904299649,0.3292976291546003,CC[C@H]1CC[C@H]2O[C@@]3(CC[C@@H](C)[C@@H](C[C@H](C)O)O3)[C@H](C)[C@@H](OC(=O)\C=C\[C@@H](C)[C@H](O)[C@@H](C)C(=O)[C@@H](C)[C@H](O)[C@@H](C)C(=O)[C@H](C)[C@H](O)[C@@H](C)C\C=C\C=C\1)[C@H]2C,5281901,oligomycin-c,0.1571547543232254,3208
BRD-A19232309,0.0647233169187199,0.3035792657036102,CC(O)CO,1030,"1,2-propylene-glycol",0.17616224954685739,3596
BRD-A61304759,0.0632853507995605,0.296834606756213,COC1CC(C)CC2=C(NCC=C)C(=O)C=C(NC(=O)\C(C)=C\C=C\C(OC)C(OC(N)=O)\C(C)=C\C(C)C1O)C2=O,73707384,tanespimycin,0.1807671581835105,3690
BRD-K67844266,0.0627126864839398,0.2941485730251372,NS(=O)(=O)OC[C@@H]1C[C@H](C[C@@H]1O)n1ccc2c(N[C@H]3CCc4ccccc34)ncnc12,16720766,pevonedistat,0.18287365894283056,3733
BRD-K16406336,0.0603584809736772,0.2831063703979382,CN(C)c1ccc2nc3ccc(cc3[s+]c2c1)N(C)C,4139,methylene-blue,0.19227942977514328,3925
BRD-A44827100,0.0595545319767741,0.2793355153527698,CCOC(=O)CCC(=O)OC1C(CC(C)OC1OC2C(C)C(OC3CC(C)(OC)C(O)C(C)O3)C(C)C(=O)OC(CC)C(C)(O)C(O)C(C)C(=O)C(C)CC2(C)O)N(C)C,3256,erythromycin,0.1951697447704894,3984
BRD-K51418664,0.0582399194890802,0.2731694362224296,CO[C@@]12[C@H]3N[C@H]3CN1C1=C([C@H]2COC(N)=O)C(=O)C(N)=C(C)C1=O,15560563,mitomycin-c,0.20031352569441044,4089
BRD-A61486721,0.0575261122801087,0.269821383639994,CN[C@H]1[C@@H](O)C2O[C@H](O[C@@H]3[C@@H](N)C[C@@H](N)[C@H](O)[C@H]3O)[C@H](N)C[C@@H]2OC1O[C@H]4O[C@H](CO)[C@@H](N)[C@H](O)[C@H]4O,23958199,apramycin,0.20320384068975653,4148
BRD-A23034328,0.0556850198543433,0.2611858947108925,CCC[C@@H]1C[C@H](N(C)C1)C(=O)N[C@H]([C@H](C)Cl)C1O[C@H](SC)[C@H](O)[C@@H](O)[C@H]1O,6419884,clindamycin,0.21084602949101064,4304
BRD-K74133369,0.0538815821497893,0.2527270220795926,CC[C@H]1CC[C@@H]2O[C@]3(CC[C@@H](C)[C@@H](C[C@@H](C)O)O3)[C@H](C)[C@H](OC(=O)\C=C\[C@@H](C)[C@H](O)[C@@H](C)C(=O)[C@@H](C)[C@H](O)[C@@H](C)C(=O)[C@@](C)(O)[C@H](O)[C@@H](C)C\C=C\C=C\1)[C@H]2C,73707429,oligomycin-a,0.21834125312300984,4457
BRD-A11170096,0.0537783654049188,0.2522428926327745,CCC(C)C(=O)OC1CC(O)C=C2C=CC(C)C(CCC(O)CC(O)CC(O)=O)C12,4889,pravastatin,0.21917405574878754,4474
BRD-A77216878,0.0533763757733065,0.2503573941293744,CCCC[C@@H](C)\C=C(C)\C=C(/C)C(=O)NC1=C[C@@](O)(\C=C\C=C\C=C\C(=O)NC2C(=O)CCC2=O)[C@@H]2OC2C1=O,73707404,manumycin-a,0.22103561455934945,4512
BRD-K77908580,0.0499502791172008,0.2342875763788982,Nc1ccccc1NC(=O)c1ccc(CNC(=O)OCc2cccnc2)cc1,4261,entinostat,0.23617302699260276,4821
