sample,mars_endotype,death_28d,group,characteristics_ch1.0.gender,characteristics_ch1.1.age,characteristics_ch1.2.pneumonia_diagnoses,characteristics_ch1.3.thrombocytopenia,characteristics_ch1.4.endotype_cohort,characteristics_ch1.8.icu_acquired_infection,characteristics_ch1.9.icu_acquired_infection_paired,characteristics_ch1.10.diabetes_mellitus
GSM1602801,,,sepsis,male,64,no-cap,nan,nan,nan,nan,nan
GSM1602802,Mars2,0.0,sepsis,female,46,cap,nan,discovery,No_ICUA,nan,No_DM
GSM1602803,Mars2,0.0,sepsis,male,69,cap,nan,discovery,nan,nan,No_DM
GSM1602804,,,sepsis,male,60,no-cap,nan,nan,nan,nan,nan
GSM1602805,Mars2,0.0,sepsis,female,64,cap,nan,discovery,No_ICUA,nan,No_DM
GSM1602806,,,sepsis,male,54,no-cap,nan,nan,nan,nan,nan
GSM1602807,,,sepsis,male,31,nan,nan,nan,healthy,healthy,nan
GSM1602808,,,sepsis,male,59,no-cap,nan,nan,nan,nan,nan
GSM1602809,,,sepsis,male,26,nan,nan,nan,healthy,healthy,nan
GSM1602810,Mars3,0.0,sepsis,male,77,cap,C_low,discovery,nan,nan,DM
GSM1602811,Mars4,0.0,sepsis,female,63,cap,nan,discovery,ICUA,nan,No_DM
GSM1602812,Mars1,0.0,sepsis,female,71,cap,nan,discovery,No_ICUA,nan,No_DM
GSM1602813,Mars1,1.0,sepsis,female,73,cap,nan,discovery,No_ICUA,nan,No_DM
GSM1602814,,,sepsis,female,59,no-cap,nan,nan,nan,nan,nan
GSM1602815,Mars2,0.0,sepsis,female,61,cap,D_normal,discovery,nan,nan,No_DM
GSM1602816,Mars3,0.0,sepsis,female,84,cap,C_low,validation,No_ICUA,nan,No_DM
GSM1602817,,,sepsis,male,67,no-cap,nan,nan,nan,nan,nan
GSM1602818,Mars1,0.0,sepsis,male,62,cap,B_medium_low,validation,No_ICUA,nan,No_DM
GSM1602819,Mars2,0.0,sepsis,male,71,cap,nan,validation,No_ICUA,ADMIS_NO_ICUAI,No_DM
GSM1602820,Mars3,0.0,sepsis,male,61,cap,nan,discovery,No_ICUA,nan,No_DM
GSM1602821,,,sepsis,female,67,no-cap,nan,nan,nan,nan,nan
GSM1602822,,,sepsis,male,32,no-cap,nan,nan,nan,nan,nan
GSM1602823,Mars1,1.0,sepsis,male,52,cap,nan,validation,nan,nan,nan
GSM1602824,Mars1,0.0,sepsis,male,32,cap,nan,validation,No_ICUA,nan,No_DM
GSM1602825,Mars2,0.0,sepsis,female,78,cap,nan,discovery,No_ICUA,nan,No_DM
GSM1602826,Mars2,0.0,sepsis,male,70,cap,nan,discovery,ICUA,Admis_ICUAI,No_DM
GSM1602827,Mars3,0.0,sepsis,female,62,cap,nan,discovery,No_ICUA,nan,No_DM
GSM1602828,,,sepsis,female,54,no-cap,nan,nan,nan,nan,nan
GSM1602829,Mars2,0.0,sepsis,male,63,cap,nan,validation,nan,nan,No_DM
GSM1602830,Mars2,0.0,sepsis,male,47,cap,nan,discovery,nan,nan,No_DM
GSM1602831,Mars2,0.0,sepsis,male,79,cap,nan,validation,No_ICUA,nan,DM
GSM1602832,Mars3,0.0,sepsis,female,61,cap,D_normal,validation,nan,nan,DM
GSM1602833,,,sepsis,female,28,cap,nan,nan,No_ICUA,nan,DM
GSM1602834,Mars2,0.0,sepsis,male,81,cap,nan,validation,nan,nan,No_DM
GSM1602835,,,sepsis,male,63,no-cap,nan,nan,nan,nan,nan
GSM1602836,Mars3,0.0,sepsis,male,67,cap,nan,discovery,nan,nan,No_DM
GSM1602837,Mars2,0.0,sepsis,male,25,cap,nan,validation,nan,nan,No_DM
GSM1602838,Mars3,0.0,sepsis,male,50,cap,nan,validation,ICUA,nan,DM
GSM1602839,Mars2,1.0,sepsis,male,84,cap,nan,validation,ICUA,nan,DM
GSM1602840,Mars2,0.0,sepsis,female,18,cap,nan,discovery,nan,nan,No_DM
GSM1602841,Mars2,0.0,sepsis,female,68,cap,nan,validation,No_ICUA,nan,No_DM
GSM1602842,Mars2,0.0,sepsis,female,64,cap,nan,discovery,No_ICUA,nan,No_DM
GSM1602843,Mars4,0.0,sepsis,female,48,cap,nan,discovery,No_ICUA,nan,No_DM
GSM1602844,Mars2,1.0,sepsis,male,76,cap,nan,discovery,No_ICUA,nan,No_DM
GSM1602845,Mars2,0.0,sepsis,male,58,cap,nan,validation,nan,nan,DM
GSM1602846,Mars3,0.0,sepsis,male,21,cap,nan,validation,No_ICUA,nan,No_DM
GSM1602847,Mars3,0.0,sepsis,male,43,cap,A_very_low,discovery,No_ICUA,nan,No_DM
GSM1602848,Mars1,0.0,sepsis,male,61,cap,nan,discovery,No_ICUA,nan,No_DM
GSM1602849,Mars4,1.0,sepsis,male,74,cap,nan,discovery,No_ICUA,nan,No_DM
GSM1602850,Mars2,0.0,sepsis,male,25,cap,D_normal,validation,No_ICUA,nan,No_DM
GSM1602851,Mars3,1.0,sepsis,female,85,cap,nan,validation,ICUA,nan,No_DM
GSM1602852,Mars1,0.0,sepsis,female,26,cap,A_very_low,discovery,ICUA,Admis_ICUAI,No_DM
GSM1602853,Mars3,0.0,sepsis,female,72,cap,nan,discovery,No_ICUA,nan,DM
GSM1602854,,,sepsis,female,48,no-cap,nan,nan,nan,nan,nan
GSM1602855,Mars2,0.0,sepsis,male,47,cap,A_very_low,discovery,ICUA,Admis_ICUAI,No_DM
GSM1602856,Mars3,0.0,sepsis,male,63,cap,nan,discovery,No_ICUA,ADMIS_NO_ICUAI,DM
GSM1602857,Mars3,0.0,sepsis,female,86,cap,nan,discovery,No_ICUA,nan,DM
GSM1602858,Mars2,1.0,sepsis,male,53,cap,D_normal,validation,ICUA,Admis_ICUAI,No_DM
GSM1602859,Mars2,0.0,sepsis,male,68,cap,nan,discovery,nan,nan,No_DM
GSM1602860,Mars3,0.0,sepsis,male,69,cap,nan,validation,No_ICUA,nan,No_DM
GSM1602861,Mars2,0.0,sepsis,male,62,cap,nan,validation,No_ICUA,nan,No_DM
GSM1602862,,,sepsis,male,66,nan,nan,nan,healthy,healthy,nan
GSM1602863,Mars2,1.0,sepsis,female,72,cap,D_normal,validation,nan,nan,DM
GSM1602864,,,sepsis,male,30,nan,nan,nan,healthy,healthy,nan
GSM1602865,,,sepsis,male,53,no-cap,nan,nan,nan,nan,nan
GSM1602866,Mars4,0.0,sepsis,male,63,cap,nan,validation,No_ICUA,nan,No_DM
GSM1602867,,,sepsis,male,77,no-cap,nan,nan,nan,nan,nan
GSM1602868,Mars4,1.0,sepsis,male,61,cap,nan,discovery,No_ICUA,nan,No_DM
GSM1602869,Mars1,0.0,sepsis,male,67,cap,A_very_low,discovery,No_ICUA,nan,No_DM
GSM1602870,,,sepsis,female,41,nan,nan,nan,healthy,healthy,nan
GSM1602871,,,sepsis,male,63,nan,nan,nan,healthy,healthy,nan
GSM1602872,,,sepsis,female,72,nan,nan,nan,healthy,healthy,nan
GSM1602873,Mars2,0.0,sepsis,male,81,cap,nan,validation,No_ICUA,nan,No_DM
GSM1602874,,,sepsis,male,34,nan,nan,nan,healthy,healthy,nan
GSM1602875,,,sepsis,male,31,nan,nan,nan,healthy,healthy,nan
GSM1602876,,,sepsis,male,63,nan,nan,nan,healthy,healthy,nan
GSM1602877,,,sepsis,male,71,no-cap,nan,nan,nan,nan,nan
GSM1602878,Mars1,0.0,sepsis,female,65,cap,nan,discovery,nan,nan,No_DM
GSM1602879,Mars3,0.0,sepsis,male,59,cap,nan,validation,No_ICUA,nan,No_DM
GSM1602880,Mars3,1.0,sepsis,female,22,cap,A_very_low,validation,nan,nan,No_DM
GSM1602881,Mars3,0.0,sepsis,female,75,cap,nan,discovery,No_ICUA,nan,DM
GSM1602882,Mars3,0.0,sepsis,female,77,cap,nan,discovery,No_ICUA,nan,No_DM
GSM1602883,Mars2,0.0,sepsis,female,25,cap,B_medium_low,discovery,No_ICUA,nan,No_DM
GSM1602884,,,sepsis,male,51,nan,nan,nan,healthy,healthy,nan
GSM1602885,Mars2,0.0,sepsis,male,65,cap,nan,validation,nan,nan,No_DM
GSM1602886,Mars3,0.0,sepsis,male,48,cap,nan,validation,No_ICUA,nan,No_DM
GSM1602887,,,sepsis,female,21,no-cap,nan,nan,nan,nan,nan
GSM1602888,Mars3,0.0,sepsis,male,49,cap,nan,discovery,nan,nan,No_DM
GSM1602889,Mars2,0.0,sepsis,female,64,cap,B_medium_low,discovery,nan,nan,No_DM
GSM1602890,,,sepsis,male,23,no-cap,nan,nan,nan,nan,nan
GSM1602891,,,sepsis,female,31,nan,nan,nan,healthy,healthy,nan
GSM1602892,,,sepsis,female,71,nan,nan,nan,healthy,healthy,nan
GSM1602893,,,sepsis,male,61,nan,nan,nan,healthy,healthy,nan
GSM1602894,,,sepsis,male,35,nan,nan,nan,healthy,healthy,nan
GSM1602895,,,sepsis,male,88,nan,nan,nan,healthy,healthy,nan
GSM1602896,,,sepsis,male,28,nan,nan,nan,healthy,healthy,nan
GSM1602897,,,sepsis,female,28,nan,nan,nan,healthy,healthy,nan
GSM1602898,,,sepsis,female,74,nan,nan,nan,healthy,healthy,nan
GSM1602899,,,sepsis,female,34,nan,nan,nan,healthy,healthy,nan
GSM1602900,,,sepsis,female,25,nan,nan,nan,healthy,healthy,nan
GSM1602901,,,sepsis,female,46,nan,nan,nan,healthy,healthy,nan
GSM1602902,Mars2,0.0,sepsis,male,66,cap,D_normal,validation,No_ICUA,nan,DM
GSM1602903,Mars1,1.0,sepsis,female,57,cap,B_medium_low,discovery,No_ICUA,nan,No_DM
GSM1602904,,,sepsis,male,18,no-cap,nan,nan,nan,nan,nan
GSM1602905,,,sepsis,male,24,no-cap,nan,nan,nan,nan,nan
GSM1602906,Mars3,0.0,sepsis,male,81,cap,nan,validation,nan,nan,DM
GSM1602907,Mars4,0.0,sepsis,male,64,cap,nan,validation,No_ICUA,nan,No_DM
GSM1602908,Mars1,1.0,sepsis,male,79,cap,nan,discovery,nan,nan,No_DM
GSM1602909,,,sepsis,male,48,nan,nan,nan,healthy,healthy,nan
GSM1602910,,,sepsis,male,78,nan,nan,nan,healthy,healthy,nan
GSM1602911,,,sepsis,male,51,nan,nan,nan,healthy,healthy,nan
GSM1602912,Mars3,1.0,sepsis,female,76,cap,nan,validation,No_ICUA,nan,No_DM
GSM1602913,,,sepsis,male,35,nan,nan,nan,healthy,healthy,nan
GSM1602914,,,sepsis,male,39,nan,nan,nan,healthy,healthy,nan
GSM1602915,,,sepsis,male,31,nan,nan,nan,healthy,healthy,nan
GSM1602916,,,sepsis,female,87,nan,nan,nan,healthy,healthy,nan
GSM1602917,,,sepsis,female,80,nan,nan,nan,healthy,healthy,nan
GSM1602918,,,sepsis,male,54,no-cap,nan,nan,nan,nan,nan
GSM1602919,,,sepsis,male,63,no-cap,nan,nan,nan,nan,nan
GSM1602920,,,sepsis,male,39,nan,nan,nan,healthy,healthy,nan
GSM1602921,Mars4,0.0,sepsis,female,29,cap,nan,validation,No_ICUA,nan,DM
GSM1602922,Mars2,0.0,sepsis,female,81,cap,nan,discovery,No_ICUA,nan,DM
GSM1602923,Mars2,1.0,sepsis,female,40,cap,nan,discovery,nan,nan,No_DM
GSM1602924,Mars2,0.0,sepsis,male,45,cap,A_very_low,discovery,No_ICUA,nan,No_DM
GSM1602925,Mars4,0.0,sepsis,male,59,cap,nan,discovery,No_ICUA,nan,DM
GSM1602926,,,sepsis,male,71,no-cap,nan,nan,nan,nan,nan
GSM1602927,Mars4,1.0,sepsis,female,82,cap,B_medium_low,discovery,nan,nan,No_DM
GSM1602928,Mars2,1.0,sepsis,female,77,cap,A_very_low,discovery,ICUA,nan,No_DM
GSM1602929,Mars2,0.0,sepsis,male,64,cap,nan,discovery,nan,nan,DM
GSM1602930,Mars3,0.0,sepsis,female,69,cap,nan,discovery,No_ICUA,nan,No_DM
GSM1602931,Mars4,1.0,sepsis,female,73,cap,nan,discovery,No_ICUA,nan,No_DM
GSM1602932,Mars2,1.0,sepsis,male,61,cap,nan,discovery,No_ICUA,nan,No_DM
GSM1602933,Mars1,0.0,sepsis,male,71,cap,nan,discovery,No_ICUA,nan,DM
GSM1602934,Mars4,1.0,sepsis,female,52,cap,A_very_low,discovery,No_ICUA,nan,No_DM
GSM1602935,Mars1,0.0,sepsis,male,77,cap,nan,discovery,No_ICUA,nan,No_DM
GSM1602936,Mars2,0.0,sepsis,female,77,cap,nan,validation,No_ICUA,nan,DM
GSM1602937,Mars1,0.0,sepsis,female,63,cap,nan,validation,No_ICUA,nan,No_DM
GSM1602938,,,sepsis,female,75,no-cap,nan,nan,nan,nan,nan
GSM1602939,,,sepsis,female,51,no-cap,nan,nan,nan,nan,nan
GSM1602940,Mars1,0.0,sepsis,male,70,cap,B_medium_low,validation,ICUA,nan,DM
GSM1602941,,,sepsis,female,32,no-cap,nan,nan,nan,nan,nan
GSM1602942,Mars2,1.0,sepsis,male,23,cap,B_medium_low,validation,ICUA,nan,No_DM
GSM1602943,Mars3,1.0,sepsis,female,48,cap,nan,discovery,No_ICUA,nan,No_DM
GSM1602944,Mars3,0.0,sepsis,male,61,cap,nan,validation,No_ICUA,nan,No_DM
GSM1602945,Mars4,0.0,sepsis,female,70,cap,nan,validation,No_ICUA,nan,DM
GSM1602946,Mars2,1.0,sepsis,male,77,cap,D_normal,validation,No_ICUA,nan,No_DM
GSM1602947,,,sepsis,male,75,cap,nan,nan,No_ICUA,nan,No_DM
GSM1602948,,,sepsis,male,60,nan,nan,nan,healthy,healthy,nan
GSM1602949,,,sepsis,male,78,no-cap,nan,nan,nan,nan,nan
GSM1602950,Mars3,0.0,sepsis,female,78,cap,nan,discovery,No_ICUA,nan,No_DM
GSM1602951,,,sepsis,female,81,no-cap,nan,nan,nan,nan,nan
GSM1602952,Mars3,0.0,sepsis,male,48,cap,B_medium_low,discovery,nan,nan,No_DM
GSM1602953,Mars1,0.0,sepsis,female,54,cap,nan,discovery,No_ICUA,nan,DM
GSM1602954,,,sepsis,female,35,nan,nan,nan,healthy,healthy,nan
GSM1602955,,,sepsis,male,73,no-cap,nan,nan,nan,nan,nan
GSM1602956,,,sepsis,female,30,nan,nan,nan,healthy,healthy,nan
GSM1602957,,,sepsis,male,32,nan,nan,nan,healthy,healthy,nan
GSM1602958,Mars4,0.0,sepsis,male,48,cap,C_low,discovery,No_ICUA,nan,No_DM
GSM1602959,,,sepsis,male,67,no-cap,nan,nan,nan,nan,nan
GSM1602960,,,sepsis,female,27,nan,nan,nan,healthy,healthy,nan
GSM1602961,,,sepsis,female,24,nan,nan,nan,healthy,healthy,nan
GSM1602962,,,sepsis,male,29,nan,nan,nan,healthy,healthy,nan
GSM1602963,,,sepsis,female,26,nan,nan,nan,healthy,healthy,nan
GSM1602964,,,sepsis,male,26,nan,nan,nan,healthy,healthy,nan
GSM1602965,,,sepsis,female,63,no-cap,nan,nan,nan,nan,nan
GSM1602966,,,sepsis,female,64,nan,nan,nan,healthy,healthy,nan
GSM1602967,,,sepsis,female,48,no-cap,nan,nan,nan,nan,nan
GSM1602968,Mars1,0.0,sepsis,male,68,cap,nan,validation,No_ICUA,nan,DM
GSM1602969,,,sepsis,female,69,nan,nan,nan,healthy,healthy,nan
GSM1602970,,,sepsis,male,48,no-cap,nan,nan,nan,nan,nan
GSM1602971,,,sepsis,male,57,no-cap,nan,nan,nan,nan,nan
GSM1602972,,,sepsis,male,46,no-cap,nan,nan,nan,nan,nan
GSM1602973,Mars1,0.0,sepsis,male,77,cap,nan,discovery,nan,nan,No_DM
GSM1602974,Mars1,0.0,sepsis,female,70,cap,nan,discovery,nan,nan,No_DM
GSM1602975,Mars2,0.0,sepsis,male,61,cap,nan,discovery,No_ICUA,ADMIS_NO_ICUAI,No_DM
GSM1602976,Mars1,0.0,sepsis,male,40,cap,nan,discovery,No_ICUA,nan,No_DM
GSM1691861,Mars1,1.0,sepsis,female,83,hap,nan,discovery,nan,nan,nan
GSM1691862,,,sepsis,male,50,nan,nan,nan,nan,nan,nan
GSM1691863,Mars2,0.0,sepsis,male,38,hap,C_low,discovery,No_ICUA,nan,No_DM
GSM1691864,Mars3,1.0,sepsis,male,81,hap,nan,discovery,No_ICUA,nan,DM
GSM1691865,Mars2,0.0,sepsis,male,57,hap,nan,discovery,No_ICUA,nan,No_DM
GSM1691866,Mars1,0.0,sepsis,male,30,hap,nan,discovery,No_ICUA,nan,No_DM
GSM1691867,Mars1,0.0,sepsis,female,69,hap,nan,discovery,No_ICUA,nan,No_DM
GSM1691868,Mars1,1.0,sepsis,male,61,cap,nan,discovery,No_ICUA,nan,DM
GSM1691869,,,sepsis,female,81,nan,nan,nan,nan,nan,nan
GSM1691870,,,sepsis,male,63,nan,nan,nan,nan,nan,nan
GSM1691871,Mars2,0.0,sepsis,female,50,nan,nan,discovery,No_ICUA,nan,No_DM
GSM1691873,Mars3,0.0,sepsis,male,56,nan,nan,discovery,nan,nan,No_DM
GSM1691874,Mars4,0.0,sepsis,female,32,cap,nan,discovery,No_ICUA,nan,No_DM
GSM1691875,Mars2,0.0,sepsis,male,68,nan,nan,discovery,No_ICUA,nan,DM
GSM1691876,,,sepsis,female,69,nan,nan,nan,nan,nan,nan
GSM1691877,Mars1,0.0,sepsis,male,61,nan,nan,discovery,No_ICUA,nan,No_DM
GSM1691878,Mars2,0.0,sepsis,female,59,nan,nan,discovery,No_ICUA,nan,nan
GSM1691879,,,sepsis,male,52,nan,nan,nan,No_ICUA,nan,nan
GSM1691880,Mars1,1.0,sepsis,male,77,nan,nan,validation,ICUA,nan,No_DM
GSM1691881,,,sepsis,female,77,nan,nan,nan,nan,nan,nan
GSM1691882,Mars2,0.0,sepsis,male,63,hap,nan,discovery,No_ICUA,nan,DM
GSM1691883,Mars4,0.0,sepsis,male,65,nan,nan,discovery,No_ICUA,nan,nan
GSM1691884,Mars3,1.0,sepsis,male,71,nan,nan,discovery,nan,nan,DM
GSM1691885,Mars2,0.0,sepsis,male,50,nan,nan,discovery,No_ICUA,nan,DM
GSM1691886,Mars4,0.0,sepsis,female,49,nan,A_very_low,discovery,nan,nan,No_DM
GSM1691887,,,sepsis,female,84,nan,nan,nan,nan,nan,nan
GSM1691888,,,sepsis,male,45,nan,nan,nan,nan,nan,nan
GSM1691889,,,sepsis,male,74,nan,nan,nan,nan,nan,nan
GSM1691890,Mars4,0.0,sepsis,female,63,nan,nan,discovery,nan,nan,DM
GSM1691891,,,sepsis,male,71,nan,nan,nan,nan,nan,nan
GSM1691892,,,sepsis,male,79,nan,nan,nan,nan,nan,nan
GSM1691893,Mars1,0.0,sepsis,male,68,hap,nan,discovery,No_ICUA,nan,No_DM
GSM1691894,,,sepsis,male,84,nan,nan,nan,nan,nan,nan
GSM1691895,Mars3,0.0,sepsis,female,56,hap,nan,discovery,No_ICUA,nan,No_DM
GSM1691896,Mars3,0.0,sepsis,male,68,hap,nan,validation,No_ICUA,nan,No_DM
GSM1691897,Mars3,0.0,sepsis,male,71,nan,nan,discovery,nan,nan,DM
GSM1691898,Mars1,0.0,sepsis,female,71,nan,nan,discovery,ICUA,Admis_ICUAI,DM
GSM1691899,,,sepsis,male,66,nan,nan,nan,nan,nan,nan
GSM1691900,Mars3,1.0,sepsis,male,72,hap,A_very_low,discovery,No_ICUA,nan,No_DM
GSM1691901,Mars2,0.0,sepsis,female,31,nan,B_medium_low,discovery,nan,nan,No_DM
GSM1691902,,,healthy,male,63,nan,nan,nan,nan,nan,nan
GSM1691903,Mars1,0.0,sepsis,male,50,nan,C_low,discovery,No_ICUA,nan,No_DM
GSM1691904,Mars2,0.0,sepsis,female,48,nan,nan,discovery,nan,nan,No_DM
GSM1691905,Mars3,0.0,sepsis,male,72,nan,nan,discovery,nan,nan,nan
GSM1691906,,,sepsis,male,46,nan,nan,nan,nan,nan,nan
GSM1691907,,,sepsis,female,71,nan,nan,nan,nan,nan,nan
GSM1691908,,,sepsis,male,73,nan,nan,nan,nan,nan,nan
GSM1691909,Mars2,0.0,sepsis,female,43,nan,nan,discovery,No_ICUA,nan,nan
GSM1691910,,,sepsis,female,44,nan,nan,nan,nan,nan,nan
GSM1691911,Mars3,0.0,sepsis,female,45,hap,D_normal,discovery,No_ICUA,nan,No_DM
GSM1691912,,,sepsis,male,29,nan,nan,nan,nan,nan,nan
GSM1691913,,,healthy,female,24,nan,nan,nan,nan,nan,nan
GSM1691914,,,sepsis,male,86,nan,nan,nan,nan,nan,nan
GSM1691915,Mars2,0.0,sepsis,male,68,hap,nan,validation,No_ICUA,nan,DM
GSM1691916,,,sepsis,male,30,nan,nan,nan,No_ICUA,nan,No_DM
GSM1691917,,,healthy,male,75,nan,nan,nan,nan,nan,nan
GSM1691918,Mars2,0.0,sepsis,female,58,nan,nan,validation,ICUA,nan,No_DM
GSM1691919,,,sepsis,male,78,nan,nan,nan,nan,nan,nan
GSM1691920,,,healthy,male,73,nan,nan,nan,nan,nan,nan
GSM1691921,,,sepsis,male,78,nan,nan,nan,nan,nan,nan
GSM1691922,,,sepsis,female,69,hap,nan,nan,nan,nan,No_DM
GSM1691923,Mars3,0.0,sepsis,male,66,hap,nan,validation,No_ICUA,nan,DM
GSM1691924,,,sepsis,male,59,nan,nan,nan,nan,nan,nan
GSM1691925,Mars2,0.0,sepsis,male,43,nan,C_low,discovery,nan,nan,No_DM
GSM1691926,,,healthy,female,66,nan,nan,nan,nan,nan,nan
GSM1691927,Mars2,0.0,sepsis,female,75,nan,D_normal,validation,ICUA,Admis_ICUAI,No_DM
GSM1691928,Mars3,0.0,sepsis,male,57,cap,nan,discovery,No_ICUA,nan,No_DM
GSM1691929,Mars3,0.0,sepsis,male,82,nan,nan,discovery,nan,nan,nan
GSM1691930,,,sepsis,male,72,nan,nan,nan,nan,nan,nan
GSM1691932,Mars1,1.0,sepsis,female,68,nan,C_low,discovery,No_ICUA,nan,No_DM
GSM1691933,Mars2,0.0,sepsis,female,48,nan,nan,discovery,nan,nan,nan
GSM1691934,Mars4,0.0,sepsis,male,69,nan,nan,discovery,No_ICUA,nan,No_DM
GSM1691935,Mars2,1.0,sepsis,male,62,hap,nan,validation,No_ICUA,nan,No_DM
GSM1691936,,,healthy,male,49,nan,nan,nan,nan,nan,nan
GSM1691937,Mars1,1.0,sepsis,male,47,nan,nan,discovery,No_ICUA,nan,nan
GSM1691938,Mars3,0.0,sepsis,female,78,nan,C_low,discovery,No_ICUA,nan,No_DM
GSM1691939,,,sepsis,male,60,nan,nan,nan,nan,nan,nan
GSM1691940,,,sepsis,male,59,nan,nan,nan,nan,nan,nan
GSM1691941,Mars2,0.0,sepsis,female,63,nan,nan,discovery,No_ICUA,nan,No_DM
GSM1691942,Mars1,0.0,sepsis,male,37,nan,nan,validation,No_ICUA,nan,No_DM
GSM1691943,Mars1,1.0,sepsis,male,68,nan,nan,validation,nan,nan,No_DM
GSM1691944,Mars3,0.0,sepsis,female,59,hap,C_low,discovery,No_ICUA,nan,No_DM
GSM1691945,,,sepsis,female,80,nan,nan,nan,nan,nan,nan
GSM1691946,Mars3,1.0,sepsis,male,75,nan,nan,validation,nan,nan,nan
GSM1691947,Mars2,0.0,sepsis,male,63,nan,nan,validation,nan,nan,No_DM
GSM1691948,,,sepsis,female,72,nan,nan,nan,No_ICUA,nan,No_DM
GSM1691949,,,sepsis,male,82,nan,nan,nan,nan,nan,DM
GSM1691950,,,sepsis,female,77,nan,nan,nan,nan,nan,nan
GSM1691951,,,sepsis,male,60,nan,nan,nan,nan,nan,nan
GSM1691952,,,healthy,male,53,nan,nan,nan,nan,nan,nan
GSM1691953,Mars2,0.0,sepsis,male,53,nan,nan,validation,nan,nan,nan
GSM1691954,Mars2,0.0,sepsis,male,63,nan,nan,validation,nan,nan,No_DM
GSM1691955,,,sepsis,male,30,nan,nan,nan,No_ICUA,nan,nan
GSM1691957,Mars1,0.0,sepsis,female,51,nan,nan,validation,No_ICUA,nan,nan
GSM1691958,,,sepsis,male,40,nan,nan,nan,nan,nan,nan
GSM1691959,Mars2,0.0,sepsis,male,63,nan,nan,validation,nan,nan,No_DM
GSM1691960,Mars3,0.0,sepsis,male,65,nan,nan,validation,No_ICUA,nan,No_DM
GSM1691961,Mars4,0.0,sepsis,female,71,nan,nan,discovery,nan,nan,DM
GSM1691962,Mars3,0.0,sepsis,male,61,nan,nan,discovery,No_ICUA,ADMIS_NO_ICUAI,nan
GSM1691963,Mars4,0.0,sepsis,male,38,nan,nan,validation,ICUA,nan,nan
GSM1691964,,,sepsis,male,73,nan,nan,nan,nan,nan,nan
GSM1691965,Mars2,1.0,sepsis,male,53,hap,nan,validation,No_ICUA,nan,No_DM
GSM1691966,Mars1,1.0,sepsis,male,62,nan,nan,validation,ICUA,nan,No_DM
GSM1691967,,,sepsis,male,68,nan,nan,nan,nan,nan,nan
GSM1691968,Mars2,0.0,sepsis,female,53,nan,nan,validation,No_ICUA,nan,No_DM
GSM1691969,Mars1,1.0,sepsis,female,58,nan,B_medium_low,discovery,nan,nan,No_DM
GSM1691970,Mars1,0.0,sepsis,male,82,nan,nan,discovery,No_ICUA,nan,nan
GSM1691971,,,sepsis,female,33,nan,nan,nan,nan,nan,nan
GSM1691972,,,sepsis,male,76,nan,nan,nan,nan,nan,nan
GSM1691973,Mars4,0.0,sepsis,male,68,nan,nan,validation,nan,nan,DM
GSM1691974,,,sepsis,male,38,nan,nan,nan,nan,nan,nan
GSM1691975,,,sepsis,female,71,nan,nan,nan,nan,nan,nan
GSM1691976,,,sepsis,male,62,nan,nan,nan,nan,nan,nan
GSM1691977,Mars4,0.0,sepsis,male,59,cap,nan,discovery,No_ICUA,nan,No_DM
GSM1691978,,,sepsis,male,78,nan,nan,nan,nan,nan,nan
GSM1691979,,,sepsis,male,32,nan,nan,nan,nan,nan,nan
GSM1691980,Mars1,0.0,sepsis,female,77,nan,D_normal,discovery,No_ICUA,nan,DM
GSM1691981,Mars1,1.0,sepsis,male,88,hap,nan,discovery,nan,nan,No_DM
GSM1691982,,,sepsis,male,65,nan,nan,nan,nan,nan,nan
GSM1691983,Mars2,0.0,sepsis,male,73,nan,nan,discovery,No_ICUA,nan,nan
GSM1691984,Mars1,1.0,sepsis,female,57,hap,A_very_low,discovery,No_ICUA,nan,No_DM
GSM1691985,Mars2,1.0,sepsis,female,76,nan,nan,discovery,No_ICUA,nan,nan
GSM1691986,Mars2,0.0,sepsis,female,51,nan,nan,validation,No_ICUA,nan,No_DM
GSM1691987,Mars2,0.0,sepsis,male,71,hap,B_medium_low,discovery,No_ICUA,nan,No_DM
GSM1691988,,,sepsis,male,42,nan,nan,nan,nan,nan,nan
GSM1691989,Mars3,0.0,sepsis,male,49,nan,nan,validation,nan,nan,No_DM
GSM1691990,Mars2,0.0,sepsis,male,49,nan,A_very_low,discovery,nan,nan,No_DM
GSM1691991,Mars2,1.0,sepsis,male,79,nan,nan,discovery,No_ICUA,nan,nan
GSM1691992,Mars2,1.0,sepsis,female,66,nan,nan,validation,No_ICUA,nan,DM
GSM1691993,Mars3,0.0,sepsis,male,54,nan,nan,validation,No_ICUA,nan,No_DM
GSM1691994,Mars2,0.0,sepsis,female,72,nan,nan,discovery,No_ICUA,nan,No_DM
GSM1691995,Mars1,0.0,sepsis,female,46,nan,B_medium_low,discovery,ICUA,nan,No_DM
GSM1691996,,,sepsis,male,79,nan,nan,nan,nan,nan,nan
GSM1691997,Mars4,0.0,sepsis,male,70,nan,nan,discovery,ICUA,Admis_ICUAI,DM
GSM1691998,,,sepsis,male,30,nan,nan,nan,nan,nan,nan
GSM1691999,,,sepsis,male,81,nan,nan,nan,nan,nan,nan
GSM1692000,Mars3,0.0,sepsis,male,74,nan,nan,validation,No_ICUA,nan,No_DM
GSM1692001,,,sepsis,female,29,nan,nan,nan,nan,nan,nan
GSM1692002,Mars2,0.0,sepsis,female,60,nan,nan,validation,ICUA,Admis_ICUAI,nan
GSM1692003,,,sepsis,male,82,nan,nan,nan,nan,nan,nan
GSM1692004,Mars4,1.0,sepsis,female,41,nan,nan,discovery,nan,nan,No_DM
GSM1692005,Mars3,0.0,sepsis,male,63,hap,nan,validation,ICUA,nan,No_DM
GSM1692006,Mars1,1.0,sepsis,female,56,nan,nan,validation,No_ICUA,nan,No_DM
GSM1692007,Mars2,0.0,sepsis,female,74,hap,nan,discovery,No_ICUA,nan,No_DM
GSM1692008,Mars1,0.0,sepsis,female,72,nan,nan,discovery,No_ICUA,nan,No_DM
GSM1692009,Mars2,0.0,sepsis,female,57,hap,nan,discovery,No_ICUA,nan,No_DM
GSM1692010,,,sepsis,male,60,nan,nan,nan,nan,nan,nan
GSM1692011,Mars1,1.0,sepsis,male,77,nan,nan,discovery,nan,nan,nan
GSM1692012,Mars1,0.0,sepsis,female,59,nan,nan,discovery,No_ICUA,nan,nan
GSM1692015,,,sepsis,female,58,nan,nan,nan,nan,nan,nan
GSM1692016,Mars4,0.0,sepsis,male,48,nan,nan,discovery,nan,nan,No_DM
GSM1692017,Mars2,1.0,sepsis,male,66,nan,nan,discovery,nan,nan,DM
GSM1692018,,,sepsis,female,55,nan,nan,nan,nan,nan,nan
GSM1692019,Mars1,0.0,sepsis,male,73,hap,nan,validation,nan,nan,DM
GSM1692020,,,sepsis,female,20,nan,nan,nan,nan,nan,nan
GSM1692021,,,sepsis,male,58,nan,nan,nan,nan,nan,nan
GSM1692022,Mars1,0.0,sepsis,male,64,nan,nan,validation,ICUA,Admis_ICUAI,DM
GSM1692023,Mars1,0.0,sepsis,female,61,nan,nan,validation,No_ICUA,nan,No_DM
GSM1692024,Mars1,1.0,sepsis,male,37,nan,nan,discovery,No_ICUA,nan,No_DM
GSM1692025,Mars3,0.0,sepsis,female,76,nan,B_medium_low,validation,nan,nan,DM
GSM1692026,,,sepsis,male,45,nan,nan,nan,nan,nan,nan
GSM1692027,,,sepsis,female,30,nan,nan,nan,No_ICUA,nan,nan
GSM1692028,,,sepsis,female,57,nan,nan,nan,nan,nan,nan
GSM1692029,Mars1,1.0,sepsis,male,72,hap,B_medium_low,discovery,nan,nan,No_DM
GSM1692030,Mars1,0.0,sepsis,male,62,nan,nan,validation,ICUA,nan,No_DM
GSM1692032,Mars1,0.0,sepsis,male,48,nan,nan,validation,nan,nan,nan
GSM1692033,Mars3,0.0,sepsis,female,65,nan,nan,validation,No_ICUA,nan,No_DM
GSM1692034,Mars2,0.0,sepsis,female,52,nan,D_normal,validation,No_ICUA,nan,No_DM
GSM1692035,Mars3,0.0,sepsis,male,48,hap,nan,discovery,No_ICUA,nan,DM
GSM1692036,,,sepsis,male,68,nan,nan,nan,nan,nan,nan
GSM1692037,,,sepsis,male,86,nan,nan,nan,nan,nan,nan
GSM1692038,Mars1,1.0,sepsis,female,56,nan,nan,discovery,nan,nan,No_DM
GSM1692039,,,sepsis,male,55,nan,nan,nan,nan,nan,nan
GSM1692040,Mars4,0.0,sepsis,male,57,hap,nan,validation,nan,nan,No_DM
GSM1692041,Mars3,0.0,sepsis,female,55,nan,nan,validation,No_ICUA,nan,DM
GSM1692042,Mars3,0.0,sepsis,female,48,nan,nan,validation,No_ICUA,nan,nan
GSM1692043,Mars1,1.0,sepsis,female,89,nan,nan,validation,nan,nan,No_DM
GSM1692044,,,sepsis,female,76,nan,nan,nan,nan,nan,nan
GSM1692045,Mars2,0.0,sepsis,male,55,hap,B_medium_low,discovery,No_ICUA,nan,No_DM
GSM1692046,,,sepsis,female,72,nan,nan,nan,nan,nan,nan
GSM1692047,Mars2,1.0,sepsis,female,44,nan,nan,validation,nan,nan,No_DM
GSM1692048,,,sepsis,female,71,nan,nan,nan,nan,nan,nan
GSM1692049,,,sepsis,male,70,nan,nan,nan,nan,nan,nan
GSM1692050,Mars2,0.0,sepsis,female,38,nan,nan,discovery,No_ICUA,nan,No_DM
GSM1692051,Mars1,0.0,sepsis,male,53,nan,nan,discovery,nan,nan,No_DM
GSM1692052,Mars2,0.0,sepsis,female,75,nan,nan,discovery,nan,nan,No_DM
GSM1692053,,,healthy,male,75,nan,nan,nan,nan,nan,nan
GSM1692054,,,healthy,male,77,nan,nan,nan,nan,nan,nan
GSM1692055,Mars4,0.0,sepsis,female,73,nan,D_normal,validation,No_ICUA,nan,No_DM
GSM1692056,Mars1,1.0,sepsis,female,50,nan,nan,validation,nan,nan,No_DM
GSM1692057,,,sepsis,female,64,nan,nan,nan,nan,nan,nan
GSM1692058,Mars2,0.0,sepsis,male,50,nan,D_normal,validation,No_ICUA,nan,DM
GSM1692059,Mars2,0.0,sepsis,female,71,nan,nan,discovery,No_ICUA,nan,No_DM
GSM1692060,Mars1,0.0,sepsis,female,54,nan,B_medium_low,validation,No_ICUA,nan,No_DM
GSM1692061,Mars2,0.0,sepsis,male,22,hap,nan,validation,No_ICUA,nan,No_DM
GSM1692062,,,sepsis,male,64,nan,nan,nan,nan,nan,nan
GSM1692063,Mars4,0.0,sepsis,female,70,cap,nan,discovery,No_ICUA,nan,No_DM
GSM1692064,Mars1,1.0,sepsis,male,66,nan,nan,discovery,No_ICUA,nan,nan
GSM1692065,Mars1,0.0,sepsis,female,66,nan,nan,validation,nan,nan,No_DM
GSM1692066,Mars4,0.0,sepsis,female,49,nan,nan,discovery,nan,nan,No_DM
GSM1692067,,,sepsis,female,63,nan,nan,nan,nan,nan,nan
GSM1692068,Mars3,0.0,sepsis,female,60,nan,B_medium_low,validation,nan,nan,DM
GSM1692069,,,sepsis,female,46,nan,nan,nan,nan,nan,nan
GSM1692070,,,sepsis,female,41,nan,nan,nan,nan,nan,nan
GSM1692071,Mars2,1.0,sepsis,male,63,nan,C_low,validation,nan,nan,DM
GSM1692072,,,sepsis,female,82,nan,nan,nan,nan,nan,nan
GSM1692073,Mars4,0.0,sepsis,male,85,nan,nan,validation,nan,nan,No_DM
GSM1692074,Mars2,0.0,sepsis,female,36,nan,nan,validation,No_ICUA,nan,No_DM
GSM1692075,,,healthy,female,82,nan,nan,nan,nan,nan,nan
GSM1692077,Mars3,0.0,sepsis,female,67,nan,nan,discovery,No_ICUA,nan,DM
GSM1692078,,,healthy,male,70,nan,nan,nan,nan,nan,nan
GSM1692079,Mars4,1.0,sepsis,male,43,nan,nan,discovery,No_ICUA,nan,No_DM
GSM1692080,,,healthy,male,30,nan,nan,nan,nan,nan,nan
GSM1692081,Mars1,0.0,sepsis,male,69,nan,nan,validation,nan,nan,nan
GSM1692082,,,sepsis,male,70,nan,nan,nan,nan,nan,nan
GSM1692083,,,sepsis,female,60,nan,nan,nan,nan,nan,nan
GSM1692084,Mars2,0.0,sepsis,male,71,nan,nan,validation,No_ICUA,nan,No_DM
GSM1692085,,,sepsis,female,26,nan,nan,nan,nan,nan,DM
GSM1692086,Mars2,0.0,sepsis,male,67,nan,nan,validation,No_ICUA,nan,DM
GSM1692087,Mars3,0.0,sepsis,female,70,nan,nan,validation,nan,nan,No_DM
GSM1692088,,,sepsis,female,62,nan,nan,nan,nan,nan,nan
GSM1692089,Mars3,0.0,sepsis,male,63,hap,nan,validation,No_ICUA,nan,No_DM
GSM1692090,,,sepsis,female,63,nan,nan,nan,nan,nan,nan
GSM1692091,,,sepsis,male,68,nan,nan,nan,nan,nan,nan
GSM1692092,Mars3,1.0,sepsis,male,73,nan,nan,discovery,No_ICUA,nan,DM
GSM1692093,Mars3,0.0,sepsis,female,63,nan,nan,validation,No_ICUA,nan,nan
GSM1692094,Mars3,0.0,sepsis,male,53,nan,nan,validation,No_ICUA,nan,No_DM
GSM1692095,,,sepsis,male,72,nan,nan,nan,nan,nan,nan
GSM1692096,Mars2,0.0,sepsis,male,81,hap,nan,validation,nan,nan,No_DM
GSM1692097,,,sepsis,female,75,nan,nan,nan,No_ICUA,nan,No_DM
GSM1692098,,,sepsis,male,66,nan,nan,nan,nan,nan,nan
GSM1692099,Mars4,0.0,sepsis,male,56,nan,D_normal,validation,No_ICUA,nan,No_DM
GSM1692100,Mars1,1.0,sepsis,male,73,nan,nan,validation,No_ICUA,nan,DM
GSM1692101,Mars4,0.0,sepsis,male,62,hap,nan,validation,nan,nan,nan
GSM1692102,,,sepsis,female,69,nan,nan,nan,nan,nan,nan
GSM1692103,Mars2,0.0,sepsis,female,63,nan,nan,discovery,nan,nan,nan
GSM1692104,,,sepsis,male,57,nan,nan,nan,nan,nan,nan
GSM1692105,Mars1,1.0,sepsis,male,49,nan,nan,validation,nan,nan,nan
GSM1692106,,,sepsis,female,56,nan,nan,nan,nan,nan,nan
GSM1692107,Mars2,0.0,sepsis,male,70,nan,nan,discovery,nan,nan,No_DM
GSM1692108,Mars2,0.0,sepsis,male,57,hap,B_medium_low,discovery,No_ICUA,nan,No_DM
GSM1692109,Mars1,0.0,sepsis,female,60,nan,nan,discovery,No_ICUA,nan,DM
GSM1692110,,,healthy,female,41,nan,nan,nan,nan,nan,nan
GSM1692111,,,sepsis,male,74,nan,nan,nan,nan,nan,nan
GSM1692112,Mars2,1.0,sepsis,female,72,nan,B_medium_low,discovery,No_ICUA,nan,DM
GSM1692114,Mars2,1.0,sepsis,male,68,nan,nan,validation,ICUA,nan,No_DM
GSM1692115,Mars1,0.0,sepsis,female,52,nan,nan,validation,No_ICUA,nan,No_DM
GSM1692116,Mars3,0.0,sepsis,male,62,nan,nan,validation,nan,nan,No_DM
GSM1692117,Mars2,0.0,sepsis,male,64,nan,nan,discovery,nan,nan,No_DM
GSM1692118,Mars4,0.0,sepsis,male,67,hap,nan,discovery,No_ICUA,nan,No_DM
GSM1692119,Mars1,1.0,sepsis,female,82,nan,nan,discovery,No_ICUA,nan,No_DM
GSM1692120,,,sepsis,male,81,nan,nan,nan,No_ICUA,nan,nan
GSM1692121,Mars2,0.0,sepsis,male,74,cap,nan,validation,nan,nan,nan
GSM1692122,,,sepsis,female,26,nan,nan,nan,nan,Event_ICUAI,nan
GSM1692123,Mars1,0.0,sepsis,male,67,nan,nan,validation,No_ICUA,nan,nan
GSM1692124,Mars1,1.0,sepsis,male,53,nan,nan,discovery,nan,nan,nan
GSM1692125,Mars3,0.0,sepsis,female,57,nan,nan,validation,No_ICUA,nan,nan
GSM1692126,Mars2,0.0,sepsis,male,82,nan,nan,validation,nan,nan,DM
GSM1692127,Mars3,0.0,sepsis,female,64,nan,nan,discovery,No_ICUA,nan,No_DM
GSM1692128,,,sepsis,female,61,nan,nan,nan,nan,nan,nan
GSM1692129,,,sepsis,female,50,nan,nan,nan,nan,nan,nan
GSM1692130,Mars3,0.0,sepsis,female,66,nan,D_normal,validation,No_ICUA,nan,No_DM
GSM1692131,,,sepsis,female,84,nan,nan,nan,nan,nan,nan
GSM1692132,Mars2,0.0,sepsis,male,82,hap,nan,discovery,nan,nan,No_DM
GSM1692133,Mars1,0.0,sepsis,male,34,nan,nan,discovery,No_ICUA,nan,No_DM
GSM1692135,,,sepsis,male,46,nan,nan,nan,nan,nan,nan
GSM1692136,Mars1,0.0,sepsis,male,67,hap,nan,validation,No_ICUA,nan,No_DM
GSM1692137,Mars2,0.0,sepsis,female,64,nan,nan,validation,No_ICUA,nan,DM
GSM1692138,Mars2,0.0,sepsis,male,67,nan,nan,validation,nan,nan,No_DM
GSM1692139,Mars2,0.0,sepsis,female,49,nan,A_very_low,validation,nan,nan,nan
GSM1692140,Mars2,0.0,sepsis,male,71,nan,nan,validation,No_ICUA,nan,No_DM
GSM1692141,Mars2,0.0,sepsis,female,65,nan,nan,validation,nan,nan,No_DM
GSM1692142,Mars1,0.0,sepsis,male,76,hap,nan,validation,nan,nan,No_DM
GSM1692143,Mars4,0.0,sepsis,female,77,nan,nan,validation,No_ICUA,nan,No_DM
GSM1692144,Mars4,1.0,sepsis,male,67,nan,nan,discovery,nan,nan,nan
GSM1692145,Mars4,0.0,sepsis,female,30,nan,nan,discovery,nan,nan,No_DM
GSM1692146,Mars2,1.0,sepsis,female,71,nan,nan,discovery,No_ICUA,nan,No_DM
GSM1692147,,,healthy,male,65,nan,nan,nan,nan,nan,nan
GSM1692148,Mars2,1.0,sepsis,male,75,nan,nan,discovery,No_ICUA,nan,nan
GSM1692149,Mars2,1.0,sepsis,male,80,nan,nan,discovery,ICUA,Admis_ICUAI,nan
GSM1692150,,,healthy,female,64,nan,nan,nan,nan,nan,nan
GSM1692151,Mars1,1.0,sepsis,female,56,nan,nan,validation,ICUA,nan,nan
GSM1692152,,,sepsis,male,67,nan,nan,nan,nan,nan,nan
GSM1692153,Mars2,0.0,sepsis,male,69,nan,nan,validation,nan,nan,nan
GSM1692154,,,sepsis,female,80,nan,nan,nan,nan,nan,nan
GSM1692155,,,healthy,male,77,nan,nan,nan,nan,nan,nan
GSM1692156,Mars2,0.0,sepsis,female,68,nan,nan,validation,No_ICUA,nan,DM
GSM1692157,Mars3,0.0,sepsis,male,55,hap,nan,validation,No_ICUA,nan,No_DM
GSM1692158,Mars4,0.0,sepsis,male,36,nan,D_normal,discovery,No_ICUA,nan,No_DM
GSM1692159,,,sepsis,female,93,nan,nan,nan,nan,nan,nan
GSM1692160,Mars1,1.0,sepsis,male,48,nan,nan,discovery,nan,nan,No_DM
GSM1692161,,,sepsis,male,46,nan,nan,nan,nan,nan,nan
GSM1692162,Mars1,0.0,sepsis,female,69,nan,B_medium_low,validation,nan,nan,nan
GSM1692163,Mars1,1.0,sepsis,female,72,nan,nan,validation,nan,nan,nan
GSM1692164,,,sepsis,male,62,nan,nan,nan,nan,nan,nan
GSM1692165,Mars1,0.0,sepsis,male,78,hap,D_normal,discovery,No_ICUA,nan,DM
GSM1692166,Mars2,0.0,sepsis,male,40,nan,nan,validation,No_ICUA,nan,No_DM
GSM1692167,Mars2,0.0,sepsis,male,81,hap,C_low,discovery,No_ICUA,nan,No_DM
GSM1692168,Mars3,0.0,sepsis,female,43,nan,nan,discovery,No_ICUA,nan,nan
GSM1692169,Mars3,1.0,sepsis,male,62,hap,nan,validation,No_ICUA,nan,No_DM
GSM1692170,Mars1,1.0,sepsis,male,70,nan,nan,discovery,No_ICUA,ADMIS_NO_ICUAI,DM
GSM1692171,,,sepsis,male,82,nan,nan,nan,ICUA,Admis_ICUAI,No_DM
GSM1692172,Mars4,0.0,sepsis,female,84,hap,nan,discovery,nan,nan,DM
GSM1692173,,,sepsis,male,53,nan,nan,nan,ICUA,nan,nan
GSM1692174,Mars1,0.0,sepsis,male,63,nan,D_normal,discovery,ICUA,nan,No_DM
GSM1692175,Mars3,1.0,sepsis,male,77,nan,nan,discovery,nan,nan,nan
GSM1692176,,,healthy,female,42,nan,nan,nan,nan,nan,nan
GSM1692177,,,sepsis,female,70,hap,nan,nan,No_ICUA,nan,No_DM
GSM1692178,,,sepsis,female,91,nan,nan,nan,nan,nan,nan
GSM1692179,,,sepsis,male,75,nan,nan,nan,nan,nan,nan
GSM1692180,,,sepsis,female,79,nan,nan,nan,nan,nan,nan
GSM1692181,Mars1,0.0,sepsis,male,71,hap,nan,validation,nan,nan,No_DM
GSM1692182,Mars2,1.0,sepsis,female,88,nan,nan,validation,No_ICUA,nan,DM
GSM1692183,,,sepsis,male,76,nan,nan,nan,nan,nan,nan
GSM1692184,Mars2,1.0,sepsis,female,70,nan,nan,validation,nan,nan,No_DM
GSM1692185,,,sepsis,female,89,nan,nan,nan,nan,nan,nan
GSM1692186,Mars2,1.0,sepsis,male,57,nan,nan,discovery,No_ICUA,nan,nan
GSM1692187,Mars2,0.0,sepsis,female,83,nan,A_very_low,discovery,nan,nan,No_DM
GSM1692188,Mars1,0.0,sepsis,male,25,nan,nan,discovery,nan,nan,nan
GSM1692189,,,sepsis,female,57,nan,nan,nan,nan,nan,nan
GSM1692190,Mars1,1.0,sepsis,female,59,nan,nan,discovery,No_ICUA,nan,No_DM
GSM1692191,Mars2,0.0,sepsis,female,74,nan,nan,discovery,No_ICUA,nan,nan
GSM1692192,Mars2,0.0,sepsis,female,47,hap,nan,discovery,No_ICUA,nan,No_DM
GSM1692193,Mars3,0.0,sepsis,male,71,nan,nan,discovery,No_ICUA,nan,nan
GSM1692194,,,sepsis,female,70,nan,nan,nan,nan,nan,nan
GSM1692195,,,healthy,male,74,nan,nan,nan,nan,nan,nan
GSM1692196,Mars2,0.0,sepsis,male,77,nan,nan,validation,No_ICUA,nan,No_DM
GSM1692197,Mars3,0.0,sepsis,male,60,nan,nan,validation,nan,nan,nan
GSM1692198,Mars2,0.0,sepsis,male,54,nan,nan,validation,No_ICUA,nan,No_DM
GSM1692199,Mars2,0.0,sepsis,female,71,hap,nan,validation,No_ICUA,nan,No_DM
GSM1692200,,,sepsis,male,38,nan,nan,nan,nan,nan,nan
GSM1692201,Mars1,0.0,sepsis,female,66,nan,nan,validation,No_ICUA,nan,DM
GSM1692202,Mars3,0.0,sepsis,male,55,nan,B_medium_low,validation,nan,nan,nan
GSM1692203,Mars2,0.0,sepsis,female,51,hap,nan,validation,No_ICUA,nan,No_DM
GSM1692204,Mars2,0.0,sepsis,male,72,hap,nan,validation,No_ICUA,nan,No_DM
GSM1692205,Mars1,1.0,sepsis,male,61,nan,nan,validation,ICUA,nan,No_DM
GSM1692206,Mars3,0.0,sepsis,male,59,nan,nan,validation,nan,nan,nan
GSM1692207,Mars1,0.0,sepsis,female,41,nan,nan,validation,nan,nan,DM
GSM1692208,,,sepsis,male,56,nan,nan,nan,nan,nan,nan
GSM1692209,Mars3,1.0,sepsis,male,78,nan,nan,validation,No_ICUA,ADMIS_NO_ICUAI,No_DM
GSM1692210,,,sepsis,female,59,nan,nan,nan,nan,nan,nan
GSM1692211,Mars3,1.0,sepsis,female,75,nan,nan,validation,No_ICUA,nan,No_DM
GSM1692212,Mars2,0.0,sepsis,female,76,nan,C_low,discovery,No_ICUA,nan,No_DM
GSM1692213,Mars1,0.0,sepsis,female,43,nan,nan,validation,nan,nan,No_DM
GSM1692214,Mars1,1.0,sepsis,male,61,nan,nan,discovery,No_ICUA,nan,nan
GSM1692215,,,sepsis,male,69,nan,nan,nan,nan,nan,nan
GSM1692216,Mars3,0.0,sepsis,male,48,hap,D_normal,validation,ICUA,nan,No_DM
GSM1692217,Mars2,0.0,sepsis,female,32,nan,nan,discovery,nan,nan,No_DM
GSM1692218,,,sepsis,female,73,nan,nan,nan,nan,nan,nan
GSM1692219,,,healthy,male,74,nan,nan,nan,nan,nan,nan
GSM1692220,,,sepsis,male,74,nan,nan,nan,No_ICUA,nan,DM
GSM1692221,Mars3,0.0,sepsis,female,36,nan,nan,validation,No_ICUA,nan,nan
GSM1692222,Mars3,0.0,sepsis,male,56,nan,nan,validation,nan,nan,No_DM
GSM1692223,Mars2,1.0,sepsis,male,53,hap,nan,discovery,ICUA,nan,No_DM
GSM1692224,Mars2,1.0,sepsis,female,52,nan,nan,discovery,ICUA,nan,No_DM
GSM1692225,Mars3,0.0,sepsis,male,55,nan,nan,validation,No_ICUA,nan,nan
GSM1692226,Mars4,0.0,sepsis,male,72,nan,nan,discovery,nan,nan,No_DM
GSM1692227,Mars3,0.0,sepsis,female,62,nan,nan,validation,nan,nan,nan
GSM1692228,Mars4,0.0,sepsis,female,83,nan,nan,validation,nan,nan,nan
GSM1692229,,,sepsis,female,82,nan,nan,nan,nan,nan,nan
GSM1692230,Mars1,0.0,sepsis,female,49,nan,nan,discovery,nan,nan,DM
GSM1692231,,,healthy,female,59,nan,nan,nan,nan,nan,nan
GSM1692232,Mars2,0.0,sepsis,female,81,nan,A_very_low,discovery,No_ICUA,nan,No_DM
GSM1692233,,,sepsis,male,61,nan,nan,nan,nan,nan,nan
GSM1692234,,,sepsis,male,65,nan,nan,nan,nan,nan,nan
GSM1692235,,,sepsis,female,57,nan,nan,nan,nan,nan,No_DM
GSM1692237,,,sepsis,female,75,nan,nan,nan,nan,Event_ICUAI,nan
GSM1692238,Mars1,0.0,sepsis,male,75,nan,nan,validation,No_ICUA,nan,No_DM
GSM1692239,,,healthy,male,64,nan,nan,nan,nan,nan,nan
GSM1692240,Mars2,0.0,sepsis,female,17,nan,nan,validation,nan,nan,nan
GSM1692241,Mars2,1.0,sepsis,male,58,nan,nan,validation,No_ICUA,nan,No_DM
GSM1692242,Mars3,0.0,sepsis,male,66,nan,C_low,validation,No_ICUA,nan,No_DM
GSM1692243,Mars2,0.0,sepsis,male,68,nan,nan,validation,nan,nan,nan
GSM1692244,Mars1,1.0,sepsis,male,77,nan,D_normal,discovery,nan,nan,No_DM
GSM1692245,Mars3,0.0,sepsis,male,53,hap,nan,discovery,nan,nan,DM
GSM1692246,,,sepsis,female,23,nan,nan,nan,nan,nan,nan
GSM1692247,Mars3,0.0,sepsis,male,61,nan,nan,discovery,No_ICUA,nan,nan
GSM1692248,,,healthy,male,73,nan,nan,nan,nan,nan,nan
GSM1692249,,,healthy,male,62,nan,nan,nan,nan,nan,nan
GSM1692250,,,sepsis,male,69,hap,nan,nan,No_ICUA,ADMIS_NO_ICUAI,No_DM
GSM1692251,Mars1,1.0,sepsis,female,53,hap,nan,validation,No_ICUA,nan,No_DM
GSM1692252,,,sepsis,male,76,nan,nan,nan,nan,nan,nan
GSM1692253,,,sepsis,male,73,nan,nan,nan,nan,nan,nan
GSM1692254,,,sepsis,male,59,nan,nan,nan,nan,nan,nan
GSM1692255,Mars1,0.0,sepsis,male,64,nan,D_normal,discovery,No_ICUA,nan,No_DM
GSM1692256,,,sepsis,male,80,nan,nan,nan,nan,nan,nan
GSM1692257,Mars2,0.0,sepsis,female,65,nan,nan,validation,nan,nan,nan
GSM1692258,Mars1,0.0,sepsis,male,35,hap,nan,validation,ICUA,nan,No_DM
GSM1692259,Mars2,0.0,sepsis,female,27,hap,nan,discovery,No_ICUA,nan,No_DM
GSM1692260,Mars2,0.0,sepsis,male,30,nan,nan,validation,nan,nan,nan
GSM1692261,Mars2,0.0,sepsis,male,60,nan,nan,validation,nan,nan,No_DM
GSM1692262,,,sepsis,male,53,nan,nan,nan,nan,nan,nan
GSM1692263,,,sepsis,female,62,nan,nan,nan,nan,nan,nan
GSM1692264,Mars2,1.0,sepsis,male,63,nan,nan,discovery,No_ICUA,nan,DM
GSM1692265,,,sepsis,female,57,nan,nan,nan,nan,nan,nan
GSM1692266,Mars3,0.0,sepsis,female,73,hap,nan,validation,nan,nan,nan
GSM1692267,,,sepsis,female,54,nan,nan,nan,nan,nan,nan
GSM1692268,Mars2,1.0,sepsis,male,62,hap,C_low,validation,nan,nan,No_DM
GSM1692269,Mars4,0.0,sepsis,male,45,nan,nan,validation,No_ICUA,nan,No_DM
GSM1692270,,,healthy,female,55,nan,nan,nan,nan,nan,nan
GSM1692271,Mars1,1.0,sepsis,female,76,nan,nan,validation,No_ICUA,nan,DM
GSM1692272,Mars4,0.0,sepsis,female,74,hap,nan,validation,nan,nan,No_DM
GSM1692273,,,sepsis,male,81,nan,nan,nan,nan,nan,nan
GSM1692274,Mars1,0.0,sepsis,female,78,nan,nan,validation,No_ICUA,nan,DM
GSM1692275,,,healthy,male,86,nan,nan,nan,nan,nan,nan
GSM1692276,,,sepsis,female,60,nan,nan,nan,nan,nan,nan
GSM1692277,Mars1,0.0,sepsis,female,59,nan,B_medium_low,validation,No_ICUA,nan,No_DM
GSM1692278,Mars2,0.0,sepsis,male,62,nan,nan,validation,No_ICUA,nan,No_DM
GSM1692279,Mars3,1.0,sepsis,female,62,nan,nan,validation,No_ICUA,nan,DM
GSM1692280,,,sepsis,male,60,nan,nan,nan,nan,nan,nan
GSM1692281,,,healthy,male,68,nan,nan,nan,nan,nan,nan
GSM1692282,,,sepsis,male,62,nan,nan,nan,nan,nan,nan
GSM1692283,,,sepsis,female,73,nan,nan,nan,nan,nan,nan
GSM1692284,Mars2,0.0,sepsis,female,42,nan,A_very_low,discovery,nan,nan,nan
GSM1692286,Mars3,0.0,sepsis,male,40,nan,nan,discovery,No_ICUA,nan,nan
GSM1692287,,,sepsis,male,51,nan,nan,nan,nan,nan,nan
GSM1692288,,,sepsis,female,55,nan,nan,nan,nan,nan,nan
GSM1692289,Mars2,0.0,sepsis,female,61,nan,nan,discovery,ICUA,nan,nan
GSM1692290,,,sepsis,female,67,nan,nan,nan,nan,nan,nan
GSM1692291,Mars3,0.0,sepsis,female,68,nan,nan,discovery,No_ICUA,nan,DM
GSM1692292,Mars3,1.0,sepsis,male,70,nan,nan,discovery,nan,nan,No_DM
GSM1692293,,,sepsis,male,67,nan,nan,nan,nan,nan,nan
GSM1692294,Mars1,0.0,sepsis,male,64,nan,nan,validation,nan,nan,No_DM
GSM1692295,,,sepsis,female,84,nan,nan,nan,nan,nan,nan
GSM1692296,Mars2,0.0,sepsis,male,32,nan,nan,discovery,nan,nan,No_DM
GSM1692297,,,sepsis,male,67,nan,nan,nan,nan,nan,nan
GSM1692298,Mars3,0.0,sepsis,female,63,nan,B_medium_low,discovery,No_ICUA,nan,DM
GSM1692299,Mars1,1.0,sepsis,female,69,nan,D_normal,validation,No_ICUA,nan,DM
GSM1692300,Mars3,0.0,sepsis,female,41,nan,nan,discovery,No_ICUA,nan,nan
GSM1692301,Mars1,0.0,sepsis,female,67,nan,nan,discovery,No_ICUA,nan,nan
GSM1692302,Mars2,0.0,sepsis,female,49,nan,nan,discovery,No_ICUA,nan,No_DM
GSM1692303,Mars2,0.0,sepsis,male,42,nan,nan,discovery,No_ICUA,nan,nan
GSM1692304,Mars2,0.0,sepsis,male,65,nan,nan,validation,No_ICUA,nan,DM
GSM1692305,Mars1,0.0,sepsis,male,52,nan,C_low,validation,No_ICUA,nan,No_DM
GSM1692306,,,sepsis,male,73,nan,nan,nan,nan,nan,nan
GSM1692307,,,sepsis,female,73,nan,nan,nan,nan,nan,nan
GSM1692308,Mars2,0.0,sepsis,female,39,nan,nan,discovery,No_ICUA,nan,nan
GSM1692309,Mars2,0.0,sepsis,female,34,nan,C_low,discovery,No_ICUA,nan,No_DM
GSM1692310,,,sepsis,male,37,nan,nan,nan,nan,nan,nan
GSM1692311,Mars3,1.0,sepsis,male,73,hap,nan,discovery,nan,nan,DM
GSM1692312,Mars1,1.0,sepsis,male,73,nan,nan,validation,nan,nan,No_DM
GSM1692313,,,sepsis,female,77,nan,nan,nan,nan,nan,nan
GSM1692314,,,healthy,male,54,nan,nan,nan,nan,nan,nan
GSM1692315,Mars3,0.0,sepsis,female,70,nan,nan,discovery,nan,nan,nan
GSM1692316,Mars2,1.0,sepsis,female,19,nan,nan,discovery,nan,nan,nan
GSM1692317,Mars3,0.0,sepsis,male,36,nan,nan,validation,nan,nan,No_DM
GSM1692318,Mars2,1.0,sepsis,male,62,nan,B_medium_low,discovery,nan,nan,No_DM
GSM1692319,Mars2,0.0,sepsis,male,64,nan,nan,validation,nan,nan,nan
GSM1692320,,,sepsis,male,32,nan,nan,nan,nan,nan,nan
GSM1692321,,,healthy,male,68,nan,nan,nan,nan,nan,nan
GSM1692322,Mars1,0.0,sepsis,female,62,nan,nan,discovery,ICUA,Admis_ICUAI,No_DM
GSM1692323,,,sepsis,female,73,nan,nan,nan,nan,nan,nan
GSM1692324,,,sepsis,female,73,nan,nan,nan,nan,nan,nan
GSM1692326,Mars4,1.0,sepsis,male,72,hap,C_low,discovery,ICUA,nan,No_DM
GSM1692327,Mars4,0.0,sepsis,male,78,nan,nan,discovery,No_ICUA,nan,DM
GSM1692328,,,healthy,male,73,nan,nan,nan,nan,nan,nan
GSM1692329,Mars2,1.0,sepsis,female,82,nan,nan,validation,No_ICUA,nan,No_DM
GSM1692330,Mars1,0.0,sepsis,male,57,nan,B_medium_low,validation,No_ICUA,nan,DM
GSM1692331,Mars4,1.0,sepsis,male,68,nan,nan,validation,nan,nan,nan
GSM1692332,Mars2,0.0,sepsis,female,63,nan,nan,validation,No_ICUA,nan,No_DM
GSM1692333,,,sepsis,male,79,nan,nan,nan,nan,nan,nan
GSM1692334,,,sepsis,male,53,hap,nan,nan,No_ICUA,nan,No_DM
GSM1692335,Mars1,0.0,sepsis,male,61,cap,nan,validation,nan,nan,nan
GSM1692336,Mars1,1.0,sepsis,male,68,nan,nan,validation,nan,nan,DM
GSM1692337,Mars2,0.0,sepsis,female,66,nan,nan,validation,No_ICUA,nan,No_DM
GSM1692338,Mars3,0.0,sepsis,female,53,nan,nan,discovery,No_ICUA,nan,nan
GSM1692339,,,sepsis,male,78,nan,nan,nan,nan,nan,nan
GSM1692340,Mars3,1.0,sepsis,male,59,nan,nan,discovery,No_ICUA,nan,No_DM
GSM1692341,,,sepsis,male,61,nan,nan,nan,nan,nan,nan
GSM1692342,,,sepsis,male,48,nan,nan,nan,nan,nan,nan
GSM1692343,Mars2,1.0,sepsis,male,64,nan,D_normal,discovery,No_ICUA,nan,No_DM
GSM1692344,,,sepsis,male,67,nan,nan,nan,nan,nan,nan
GSM1692345,,,sepsis,female,46,nan,nan,nan,nan,nan,nan
GSM1692346,,,sepsis,male,73,nan,nan,nan,nan,nan,nan
GSM1692347,Mars1,0.0,sepsis,female,67,nan,nan,discovery,No_ICUA,nan,No_DM
GSM1692348,Mars1,0.0,sepsis,female,74,nan,C_low,discovery,No_ICUA,nan,No_DM
GSM1692349,,,sepsis,female,70,nan,nan,nan,nan,nan,nan
GSM1692350,Mars1,1.0,sepsis,male,67,nan,nan,discovery,nan,nan,DM
GSM1692352,Mars3,1.0,sepsis,female,60,hap,B_medium_low,discovery,No_ICUA,nan,No_DM
GSM1692353,,,sepsis,male,47,nan,nan,nan,nan,Event_ICUAI,nan
GSM1692354,,,sepsis,male,55,nan,nan,nan,nan,nan,nan
GSM1692355,Mars3,0.0,sepsis,male,64,nan,nan,discovery,nan,nan,DM
GSM1692356,Mars2,0.0,sepsis,male,78,nan,nan,discovery,nan,nan,No_DM
GSM1692357,Mars2,0.0,sepsis,male,80,nan,nan,discovery,No_ICUA,nan,No_DM
GSM1692358,,,sepsis,female,70,nan,nan,nan,nan,nan,nan
GSM1692359,,,sepsis,female,84,nan,nan,nan,nan,nan,nan
GSM1692360,Mars4,0.0,sepsis,female,45,nan,nan,discovery,No_ICUA,nan,No_DM
GSM1692361,Mars2,0.0,sepsis,male,58,nan,nan,discovery,No_ICUA,nan,No_DM
GSM1692362,Mars2,0.0,sepsis,female,65,nan,nan,discovery,nan,nan,No_DM
GSM1692363,,,sepsis,male,70,nan,nan,nan,nan,nan,nan
GSM1692364,Mars2,0.0,sepsis,female,42,nan,nan,discovery,ICUA,Admis_ICUAI,No_DM
GSM1692365,,,sepsis,female,67,nan,nan,nan,nan,nan,nan
GSM1692366,Mars3,0.0,sepsis,male,52,hap,B_medium_low,discovery,ICUA,Admis_ICUAI,No_DM
GSM1692367,,,sepsis,male,64,nan,nan,nan,nan,nan,nan
GSM1692368,,,sepsis,male,66,nan,nan,nan,nan,nan,nan
GSM1692369,Mars1,1.0,sepsis,male,56,nan,B_medium_low,discovery,No_ICUA,nan,nan
GSM1692370,,,sepsis,male,75,nan,nan,nan,nan,nan,nan
GSM1692371,,,sepsis,male,55,nan,nan,nan,nan,nan,nan
GSM1692372,,,sepsis,male,65,nan,C_low,nan,ICUA,nan,No_DM
GSM1692373,Mars1,0.0,sepsis,male,71,nan,nan,discovery,No_ICUA,nan,DM
GSM1692374,Mars2,0.0,sepsis,male,61,nan,nan,discovery,No_ICUA,nan,No_DM
GSM1692375,Mars4,0.0,sepsis,female,41,nan,nan,discovery,No_ICUA,nan,No_DM
GSM1692376,Mars3,1.0,sepsis,male,55,nan,C_low,discovery,No_ICUA,nan,No_DM
GSM1692377,Mars3,1.0,sepsis,male,61,nan,nan,discovery,nan,nan,nan
GSM1692378,,,sepsis,female,24,nan,nan,nan,nan,nan,nan
GSM1692379,Mars2,0.0,sepsis,female,73,nan,nan,discovery,nan,nan,No_DM
GSM1692380,,,sepsis,male,76,nan,nan,nan,nan,nan,nan
GSM1692381,Mars2,0.0,sepsis,male,59,nan,nan,discovery,nan,nan,No_DM
GSM1692382,,,sepsis,female,73,nan,nan,nan,No_ICUA,nan,nan
GSM1692383,,,sepsis,male,37,hap,nan,nan,nan,nan,nan
GSM1692384,Mars1,0.0,sepsis,male,79,nan,nan,discovery,nan,nan,DM
GSM1692385,,,sepsis,male,69,nan,nan,nan,nan,nan,nan
GSM1692386,Mars2,0.0,sepsis,male,58,hap,D_normal,discovery,No_ICUA,nan,No_DM
GSM1692387,Mars1,1.0,sepsis,female,47,hap,nan,discovery,No_ICUA,nan,No_DM
GSM1692388,Mars2,1.0,sepsis,male,68,nan,nan,discovery,No_ICUA,nan,DM
GSM1692389,Mars3,1.0,sepsis,male,45,nan,nan,discovery,nan,nan,nan
GSM1692390,,,sepsis,female,60,nan,nan,nan,nan,nan,nan
GSM1692391,Mars2,0.0,sepsis,female,57,nan,nan,discovery,No_ICUA,nan,No_DM
GSM1692392,Mars3,0.0,sepsis,male,67,hap,nan,discovery,ICUA,Admis_ICUAI,No_DM
GSM1692393,Mars3,0.0,sepsis,female,56,nan,nan,discovery,No_ICUA,nan,nan
GSM1692394,Mars1,1.0,sepsis,female,69,nan,nan,discovery,nan,nan,nan
GSM1692395,Mars1,0.0,sepsis,male,60,nan,nan,discovery,nan,nan,nan
GSM1692396,,,sepsis,male,54,nan,nan,nan,No_ICUA,nan,nan
GSM1692397,Mars2,0.0,sepsis,male,73,nan,nan,discovery,nan,nan,No_DM
GSM1692398,,,sepsis,male,30,nan,nan,nan,nan,nan,nan
GSM1692399,Mars1,0.0,sepsis,female,55,hap,nan,discovery,nan,nan,nan
GSM1692400,Mars3,0.0,sepsis,male,24,nan,B_medium_low,discovery,No_ICUA,nan,No_DM
GSM1692402,,,sepsis,male,62,nan,nan,nan,nan,nan,nan
GSM1692404,Mars2,0.0,sepsis,male,54,nan,nan,discovery,No_ICUA,nan,No_DM
GSM1692405,,,sepsis,male,55,nan,nan,nan,nan,nan,nan
GSM1692406,Mars3,0.0,sepsis,male,59,nan,C_low,discovery,No_ICUA,nan,No_DM
GSM1692407,Mars3,0.0,sepsis,male,25,nan,nan,discovery,nan,nan,No_DM
GSM1692408,Mars2,0.0,sepsis,female,56,nan,C_low,discovery,ICUA,nan,DM
GSM1692409,,,sepsis,male,22,nan,nan,nan,nan,nan,nan
GSM1692410,Mars1,0.0,sepsis,female,62,hap,nan,discovery,No_ICUA,nan,No_DM
GSM1692411,,,healthy,male,67,nan,nan,nan,nan,nan,nan
GSM1692412,Mars1,0.0,sepsis,female,71,nan,nan,discovery,No_ICUA,nan,No_DM
GSM1692413,Mars4,0.0,sepsis,female,60,hap,nan,discovery,No_ICUA,nan,No_DM
GSM1692414,Mars1,0.0,sepsis,female,39,nan,nan,discovery,No_ICUA,nan,nan
GSM1692415,Mars2,0.0,sepsis,male,26,nan,nan,discovery,No_ICUA,nan,No_DM
GSM1692416,Mars1,0.0,sepsis,female,40,nan,nan,validation,nan,nan,No_DM
GSM1692417,Mars1,0.0,sepsis,male,68,nan,nan,validation,nan,nan,nan
GSM1692418,Mars4,0.0,sepsis,male,66,nan,nan,validation,nan,nan,nan
GSM1692419,,,healthy,male,48,nan,nan,nan,nan,nan,nan
GSM1692420,Mars3,0.0,sepsis,female,72,hap,nan,validation,ICUA,nan,DM
GSM1692421,Mars4,0.0,sepsis,male,56,nan,nan,validation,No_ICUA,nan,nan
GSM1692422,Mars1,0.0,sepsis,female,75,nan,nan,validation,No_ICUA,nan,No_DM
GSM1692423,Mars3,0.0,sepsis,female,62,nan,nan,validation,ICUA,nan,No_DM
GSM1692424,Mars2,0.0,sepsis,male,68,nan,nan,discovery,nan,nan,No_DM
GSM1692425,Mars4,0.0,sepsis,male,82,nan,nan,discovery,No_ICUA,nan,No_DM
GSM1692426,,,sepsis,male,36,nan,nan,nan,nan,nan,nan
GSM1692427,Mars1,0.0,sepsis,male,60,hap,nan,validation,No_ICUA,nan,DM
GSM1692428,Mars2,0.0,sepsis,female,79,nan,nan,validation,nan,nan,nan
GSM1692429,Mars1,0.0,sepsis,male,18,hap,nan,validation,No_ICUA,nan,No_DM
GSM1692430,Mars1,0.0,sepsis,female,72,hap,nan,discovery,No_ICUA,nan,DM
GSM1692431,,,sepsis,female,78,nan,nan,nan,nan,nan,nan
GSM1692432,,,sepsis,male,68,nan,nan,nan,nan,nan,nan
GSM1692433,,,sepsis,female,48,nan,nan,nan,nan,nan,nan
GSM1692434,,,sepsis,female,21,nan,nan,nan,nan,nan,nan
GSM1692435,,,sepsis,male,67,nan,nan,nan,ICUA,nan,nan
GSM1692436,Mars3,0.0,sepsis,male,73,nan,nan,validation,No_ICUA,nan,No_DM
GSM1692437,Mars3,0.0,sepsis,female,35,nan,nan,validation,No_ICUA,nan,No_DM
GSM1692438,Mars2,0.0,sepsis,male,69,nan,nan,discovery,No_ICUA,ADMIS_NO_ICUAI,No_DM
GSM1692439,Mars3,0.0,sepsis,male,63,nan,nan,validation,No_ICUA,nan,No_DM
GSM1692440,Mars2,0.0,sepsis,male,80,nan,nan,validation,No_ICUA,nan,No_DM
GSM1692441,Mars1,0.0,sepsis,female,77,nan,nan,discovery,No_ICUA,nan,No_DM
GSM1692442,,,healthy,female,46,nan,nan,nan,nan,nan,nan
GSM1692443,Mars2,1.0,sepsis,female,59,hap,nan,validation,No_ICUA,nan,No_DM
GSM1692444,,,sepsis,male,81,nan,nan,nan,nan,nan,nan
GSM1692445,Mars2,0.0,sepsis,male,74,nan,nan,validation,No_ICUA,nan,DM
GSM1692446,Mars1,0.0,sepsis,male,71,nan,nan,validation,No_ICUA,nan,No_DM
GSM1692447,,,sepsis,female,31,nan,nan,nan,nan,nan,nan
GSM1692448,Mars2,0.0,sepsis,male,76,nan,nan,validation,ICUA,nan,No_DM
GSM1692449,,,sepsis,female,78,nan,nan,nan,No_ICUA,nan,DM
GSM1692450,,,sepsis,female,79,nan,nan,nan,nan,nan,nan
GSM1692451,,,sepsis,male,46,nan,nan,nan,nan,nan,nan
GSM1692452,Mars1,0.0,sepsis,male,84,hap,nan,validation,ICUA,Admis_ICUAI,No_DM
GSM1692453,Mars1,0.0,sepsis,male,60,nan,C_low,validation,ICUA,nan,No_DM
GSM1692454,Mars2,1.0,sepsis,female,71,nan,C_low,validation,No_ICUA,nan,No_DM
GSM1692455,Mars3,0.0,sepsis,female,83,hap,nan,validation,No_ICUA,nan,No_DM
GSM1692456,,,sepsis,male,59,nan,D_normal,nan,No_ICUA,nan,No_DM
GSM1692457,,,healthy,female,59,nan,nan,nan,nan,nan,nan
GSM1692458,Mars1,0.0,sepsis,female,78,nan,nan,validation,No_ICUA,nan,No_DM
GSM1692459,Mars1,1.0,sepsis,female,56,nan,A_very_low,discovery,ICUA,nan,No_DM
GSM1692460,,,sepsis,male,73,nan,nan,nan,nan,nan,nan
GSM1692461,Mars3,0.0,sepsis,male,42,nan,nan,discovery,No_ICUA,nan,nan
GSM1692462,,,sepsis,male,77,nan,nan,nan,nan,nan,nan
GSM1692463,,,healthy,female,56,nan,nan,nan,nan,nan,nan
GSM1692465,Mars2,0.0,sepsis,male,73,nan,nan,validation,No_ICUA,nan,nan
GSM1692466,Mars3,0.0,sepsis,male,34,nan,nan,discovery,No_ICUA,nan,nan
GSM1692467,Mars2,1.0,sepsis,male,59,nan,B_medium_low,discovery,nan,nan,No_DM
GSM1692468,,,healthy,male,54,nan,nan,nan,nan,nan,nan
GSM1692469,,,sepsis,female,65,nan,nan,nan,nan,nan,nan
GSM1692470,,,sepsis,male,52,nan,nan,nan,nan,nan,nan
GSM1692471,,,sepsis,male,52,nan,nan,nan,nan,nan,nan
GSM1692472,,,sepsis,male,32,nan,nan,nan,nan,nan,nan
GSM1692473,,,sepsis,female,71,nan,nan,nan,nan,nan,nan
GSM1692474,,,healthy,male,70,nan,nan,nan,nan,nan,nan
GSM1692475,,,healthy,female,54,nan,nan,nan,nan,nan,nan
GSM1692476,,,healthy,female,65,nan,nan,nan,nan,nan,nan
GSM1692477,,,sepsis,male,54,nan,nan,nan,No_ICUA,nan,No_DM
GSM1692478,Mars1,1.0,sepsis,male,85,nan,nan,validation,No_ICUA,nan,DM
GSM1692479,,,sepsis,male,69,nan,nan,nan,nan,nan,nan
GSM1692480,,,sepsis,male,65,nan,nan,nan,nan,nan,nan
GSM1692481,,,sepsis,male,60,nan,D_normal,nan,No_ICUA,nan,nan
GSM1692482,Mars4,0.0,sepsis,female,84,hap,nan,validation,No_ICUA,nan,No_DM
GSM1692483,,,healthy,female,56,nan,nan,nan,nan,nan,nan
GSM1692484,Mars1,0.0,sepsis,male,73,nan,nan,discovery,ICUA,nan,No_DM
GSM1692485,,,sepsis,male,57,hap,nan,nan,No_ICUA,nan,No_DM
GSM1692487,,,sepsis,male,48,hap,C_low,nan,No_ICUA,nan,No_DM
GSM1692488,Mars3,0.0,sepsis,female,70,nan,nan,validation,No_ICUA,nan,No_DM
GSM1692489,Mars3,0.0,sepsis,male,81,hap,nan,validation,No_ICUA,nan,No_DM
GSM1692490,,,healthy,male,66,nan,nan,nan,nan,nan,nan
GSM1692491,Mars3,0.0,sepsis,male,18,nan,nan,validation,No_ICUA,nan,No_DM
GSM1692492,Mars3,0.0,sepsis,female,19,hap,nan,validation,No_ICUA,nan,No_DM
GSM1692493,Mars2,0.0,sepsis,female,49,nan,nan,validation,No_ICUA,nan,No_DM
GSM1692494,Mars1,0.0,sepsis,male,74,nan,C_low,discovery,nan,nan,DM
GSM1692495,,,sepsis,male,58,nan,nan,nan,nan,nan,nan
GSM1692496,,,healthy,male,53,nan,nan,nan,nan,nan,nan
GSM1692497,,,sepsis,male,65,nan,nan,nan,nan,nan,nan
GSM1692498,Mars1,0.0,sepsis,female,49,hap,nan,validation,No_ICUA,nan,No_DM
GSM1692499,Mars2,0.0,sepsis,male,32,nan,nan,discovery,nan,nan,No_DM
GSM1692501,Mars3,0.0,sepsis,female,67,nan,nan,discovery,nan,nan,No_DM
GSM1692502,,,healthy,female,81,nan,nan,nan,nan,nan,nan
GSM1692503,,,sepsis,female,63,nan,nan,nan,nan,nan,nan
GSM1692504,,,sepsis,male,45,nan,nan,nan,nan,nan,nan
