gene,method,outcome,or_,p,p_fdr_bh_per_outcome_15test,q_family_45test,family_sig_q<0.05
CD74,MR-Egger,4980_suscept,1.1179286856667237,1.648438e-04,2.472657e-03,2.472657e-03,YES
HAVCR2,MR-Egger,4980_suscept,0.9039314339817336,1.147567e-01,8.606755e-01,5.951023e-01,no
HAVCR2,IVW,4980_suscept,0.9435689179977238,2.488822e-01,8.774592e-01,8.999372e-01,no
CD14,MR-Egger,4980_suscept,0.9566297214306355,3.211019e-01,8.774592e-01,9.361951e-01,no
HAVCR2,Weighted median,4980_suscept,0.9115145237475651,3.433481e-01,8.774592e-01,9.361951e-01,no
HLA-DQA1,IVW,4980_suscept,0.9760822527334708,4.040498e-01,8.774592e-01,9.361951e-01,no
FIS1,IVW,4980_suscept,0.9829093684914862,4.330040e-01,8.774592e-01,9.361951e-01,no
HLA-DQA1,Weighted median,4980_suscept,0.9710305330661966,4.971370e-01,8.774592e-01,9.361951e-01,no
CD74,IVW,4980_suscept,1.074330201713399,5.264755e-01,8.774592e-01,9.361951e-01,no
HLA-DQA1,MR-Egger,4980_suscept,0.984640546995733,6.825015e-01,9.074310e-01,9.361951e-01,no
CD74,Weighted median,4980_suscept,1.0356142252578902,7.139931e-01,9.074310e-01,9.361951e-01,no
CD14,IVW,4980_suscept,0.9900316951074888,7.635647e-01,9.074310e-01,9.361951e-01,no
CD14,Weighted median,4980_suscept,0.9887735616907632,8.087319e-01,9.074310e-01,9.361951e-01,no
FIS1,MR-Egger,4980_suscept,0.9951882536122704,8.491515e-01,9.074310e-01,9.361951e-01,no
FIS1,Weighted median,4980_suscept,0.9939691136703043,9.074310e-01,9.074310e-01,9.722475e-01,no
CD74,Weighted median,4982_critcare,2.194358729020727,0.000000e+00,0.000000e+00,0.000000e+00,YES
CD74,MR-Egger,4982_critcare,2.2217269733163043,6.625811e-13,4.969358e-12,1.490807e-11,YES
CD74,IVW,4982_critcare,2.221713084928723,1.402833e-02,7.014166e-02,1.262550e-01,no
CD14,MR-Egger,4982_critcare,1.1541227896294706,8.073592e-02,3.027597e-01,5.190166e-01,no
CD14,IVW,4982_critcare,1.1245040059069153,1.190205e-01,3.570614e-01,5.951023e-01,no
CD14,Weighted median,4982_critcare,1.1441280523438313,2.595086e-01,6.487716e-01,8.999372e-01,no
FIS1,IVW,4982_critcare,0.9443743477602267,5.116263e-01,8.247338e-01,9.361951e-01,no
HLA-DQA1,IVW,4982_critcare,0.9481466354697066,5.222257e-01,8.247338e-01,9.361951e-01,no
HLA-DQA1,Weighted median,4982_critcare,0.9564981124612388,5.419158e-01,8.247338e-01,9.361951e-01,no
FIS1,MR-Egger,4982_critcare,0.9447624474293214,6.003770e-01,8.247338e-01,9.361951e-01,no
HLA-DQA1,MR-Egger,4982_critcare,0.9705994019173227,6.048048e-01,8.247338e-01,9.361951e-01,no
HAVCR2,MR-Egger,4982_critcare,0.9128054903969375,6.677560e-01,8.346950e-01,9.361951e-01,no
HAVCR2,IVW,4982_critcare,0.9604448355956208,7.882965e-01,8.623600e-01,9.361951e-01,no
HAVCR2,Weighted median,4982_critcare,0.9155297311426733,8.048693e-01,8.623600e-01,9.361951e-01,no
FIS1,Weighted median,4982_critcare,0.9942825202834997,9.755186e-01,9.755186e-01,9.755186e-01,no
CD14,MR-Egger,5086_28ddeath,0.9059506764792497,5.109566e-03,7.664349e-02,5.748262e-02,no
CD14,Weighted median,5086_28ddeath,0.9143939994841411,6.492948e-02,4.869711e-01,4.869711e-01,no
CD14,IVW,5086_28ddeath,0.9269455768738827,2.359003e-01,9.111682e-01,8.999372e-01,no
HLA-DQA1,IVW,5086_28ddeath,0.9233181597588894,2.599818e-01,9.111682e-01,8.999372e-01,no
HLA-DQA1,Weighted median,5086_28ddeath,0.9295577120050031,4.105907e-01,9.111682e-01,9.361951e-01,no
FIS1,MR-Egger,5086_28ddeath,0.9637547080128086,4.634498e-01,9.111682e-01,9.361951e-01,no
FIS1,IVW,5086_28ddeath,0.9631566452866663,4.726920e-01,9.111682e-01,9.361951e-01,no
HLA-DQA1,MR-Egger,5086_28ddeath,0.9539972525280126,4.859564e-01,9.111682e-01,9.361951e-01,no
CD74,IVW,5086_28ddeath,1.1193527501630078,7.177754e-01,9.517077e-01,9.361951e-01,no
FIS1,Weighted median,5086_28ddeath,0.9712483841388685,7.681091e-01,9.517077e-01,9.361951e-01,no
HAVCR2,IVW,5086_28ddeath,0.9775531484683412,8.474635e-01,9.517077e-01,9.361951e-01,no
CD74,MR-Egger,5086_28ddeath,1.0933330462026982,8.479088e-01,9.517077e-01,9.361951e-01,no
HAVCR2,Weighted median,5086_28ddeath,0.9603534750149012,8.529778e-01,9.517077e-01,9.361951e-01,no
CD74,Weighted median,5086_28ddeath,0.9704884629131764,9.373971e-01,9.517077e-01,9.733374e-01,no
HAVCR2,MR-Egger,5086_28ddeath,1.0102205470268892,9.517077e-01,9.517077e-01,9.733374e-01,no
